pair_id,scenario,kind,frgp,probe_image_id,reference_image_id,probe_subject,reference_subject
pilot:R_00002304_03:V_00002304_03,pilot,genuine,3,R_00002304_03,V_00002304_03,00002304,00002304
pilot:R_00002304_03:V_00002319_10,pilot,impostor,3,R_00002304_03,V_00002319_10,00002304,00002319
pilot:R_00002304_03:V_00002326_03,pilot,impostor,3,R_00002304_03,V_00002326_03,00002304,00002326
pilot:R_00002304_03:V_00002326_10,pilot,impostor,3,R_00002304_03,V_00002326_10,00002304,00002326
pilot:R_00002304_03:V_00002329_01,pilot,impostor,3,R_00002304_03,V_00002329_01,00002304,00002329
pilot:R_00002304_03:V_00002354_03,pilot,impostor,3,R_00002304_03,V_00002354_03,00002304,00002354
pilot:R_00002304_03:V_00002371_07,pilot,impostor,3,R_00002304_03,V_00002371_07,00002304,00002371
pilot:R_00002304_03:V_00002383_03,pilot,impostor,3,R_00002304_03,V_00002383_03,00002304,00002383
pilot:R_00002304_03:V_00002383_10,pilot,impostor,3,R_00002304_03,V_00002383_10,00002304,00002383
pilot:R_00002304_03:V_00002402_03,pilot,impostor,3,R_00002304_03,V_00002402_03,00002304,00002402
pilot:R_00002304_03:V_00002402_10,pilot,impostor,3,R_00002304_03,V_00002402_10,00002304,00002402
pilot:R_00002304_03:V_00002403_03,pilot,impostor,3,R_00002304_03,V_00002403_03,00002304,00002403
pilot:R_00002304_03:V_00002403_10,pilot,impostor,3,R_00002304_03,V_00002403_10,00002304,00002403
pilot:R_00002304_03:V_00002408_03,pilot,impostor,3,R_00002304_03,V_00002408_03,00002304,00002408
pilot:R_00002304_03:V_00002412_03,pilot,impostor,3,R_00002304_03,V_00002412_03,00002304,00002412
pilot:R_00002304_03:V_00002412_10,pilot,impostor,3,R_00002304_03,V_00002412_10,00002304,00002412
pilot:R_00002304_03:V_00002420_03,pilot,impostor,3,R_00002304_03,V_00002420_03,00002304,00002420
pilot:R_00002304_03:V_00002420_10,pilot,impostor,3,R_00002304_03,V_00002420_10,00002304,00002420
pilot:R_00002304_03:V_00002424_03,pilot,impostor,3,R_00002304_03,V_00002424_03,00002304,00002424
pilot:R_00002304_03:V_00002424_10,pilot,impostor,3,R_00002304_03,V_00002424_10,00002304,00002424
pilot:R_00002304_03:V_00002433_10,pilot,impostor,3,R_00002304_03,V_00002433_10,00002304,00002433
pilot:R_00002304_03:V_00002493_06,pilot,impostor,3,R_00002304_03,V_00002493_06,00002304,00002493
pilot:R_00002304_03:V_00002499_01,pilot,impostor,3,R_00002304_03,V_00002499_01,00002304,00002499
pilot:R_00002304_03:V_00002500_05,pilot,impostor,3,R_00002304_03,V_00002500_05,00002304,00002500
pilot:R_00002304_03:V_00002630_10,pilot,impostor,3,R_00002304_03,V_00002630_10,00002304,00002630
pilot:R_00002304_03:V_00002634_07,pilot,impostor,3,R_00002304_03,V_00002634_07,00002304,00002634
pilot:R_00002304_10:V_00002304_03,pilot,impostor,10,R_00002304_10,V_00002304_03,00002304,00002304
pilot:R_00002304_10:V_00002304_10,pilot,genuine,10,R_00002304_10,V_00002304_10,00002304,00002304
pilot:R_00002304_10:V_00002319_03,pilot,impostor,10,R_00002304_10,V_00002319_03,00002304,00002319
pilot:R_00002304_10:V_00002319_10,pilot,impostor,10,R_00002304_10,V_00002319_10,00002304,00002319
pilot:R_00002304_10:V_00002326_03,pilot,impostor,10,R_00002304_10,V_00002326_03,00002304,00002326
pilot:R_00002304_10:V_00002326_10,pilot,impostor,10,R_00002304_10,V_00002326_10,00002304,00002326
pilot:R_00002304_10:V_00002329_01,pilot,impostor,10,R_00002304_10,V_00002329_01,00002304,00002329
pilot:R_00002304_10:V_00002354_03,pilot,impostor,10,R_00002304_10,V_00002354_03,00002304,00002354
pilot:R_00002304_10:V_00002371_07,pilot,impostor,10,R_00002304_10,V_00002371_07,00002304,00002371
pilot:R_00002304_10:V_00002383_03,pilot,impostor,10,R_00002304_10,V_00002383_03,00002304,00002383
pilot:R_00002304_10:V_00002383_10,pilot,impostor,10,R_00002304_10,V_00002383_10,00002304,00002383
pilot:R_00002304_10:V_00002402_03,pilot,impostor,10,R_00002304_10,V_00002402_03,00002304,00002402
pilot:R_00002304_10:V_00002403_03,pilot,impostor,10,R_00002304_10,V_00002403_03,00002304,00002403
pilot:R_00002304_10:V_00002403_10,pilot,impostor,10,R_00002304_10,V_00002403_10,00002304,00002403
pilot:R_00002304_10:V_00002408_03,pilot,impostor,10,R_00002304_10,V_00002408_03,00002304,00002408
pilot:R_00002304_10:V_00002408_10,pilot,impostor,10,R_00002304_10,V_00002408_10,00002304,00002408
pilot:R_00002304_10:V_00002412_03,pilot,impostor,10,R_00002304_10,V_00002412_03,00002304,00002412
pilot:R_00002304_10:V_00002412_10,pilot,impostor,10,R_00002304_10,V_00002412_10,00002304,00002412
pilot:R_00002304_10:V_00002420_03,pilot,impostor,10,R_00002304_10,V_00002420_03,00002304,00002420
pilot:R_00002304_10:V_00002420_10,pilot,impostor,10,R_00002304_10,V_00002420_10,00002304,00002420
pilot:R_00002304_10:V_00002424_03,pilot,impostor,10,R_00002304_10,V_00002424_03,00002304,00002424
pilot:R_00002304_10:V_00002424_10,pilot,impostor,10,R_00002304_10,V_00002424_10,00002304,00002424
pilot:R_00002304_10:V_00002433_10,pilot,impostor,10,R_00002304_10,V_00002433_10,00002304,00002433
pilot:R_00002304_10:V_00002493_06,pilot,impostor,10,R_00002304_10,V_00002493_06,00002304,00002493
pilot:R_00002304_10:V_00002493_10,pilot,impostor,10,R_00002304_10,V_00002493_10,00002304,00002493
pilot:R_00002304_10:V_00002499_01,pilot,impostor,10,R_00002304_10,V_00002499_01,00002304,00002499
pilot:R_00002304_10:V_00002500_05,pilot,impostor,10,R_00002304_10,V_00002500_05,00002304,00002500
pilot:R_00002304_10:V_00002630_10,pilot,impostor,10,R_00002304_10,V_00002630_10,00002304,00002630
pilot:R_00002304_10:V_00002634_07,pilot,impostor,10,R_00002304_10,V_00002634_07,00002304,00002634
pilot:R_00002319_03:V_00002304_03,pilot,impostor,3,R_00002319_03,V_00002304_03,00002319,00002304
pilot:R_00002319_03:V_00002304_10,pilot,impostor,3,R_00002319_03,V_00002304_10,00002319,00002304
pilot:R_00002319_03:V_00002319_03,pilot,genuine,3,R_00002319_03,V_00002319_03,00002319,00002319
pilot:R_00002319_03:V_00002319_10,pilot,impostor,3,R_00002319_03,V_00002319_10,00002319,00002319
pilot:R_00002319_03:V_00002326_03,pilot,impostor,3,R_00002319_03,V_00002326_03,00002319,00002326
pilot:R_00002319_03:V_00002326_10,pilot,impostor,3,R_00002319_03,V_00002326_10,00002319,00002326
pilot:R_00002319_03:V_00002329_01,pilot,impostor,3,R_00002319_03,V_00002329_01,00002319,00002329
pilot:R_00002319_03:V_00002354_03,pilot,impostor,3,R_00002319_03,V_00002354_03,00002319,00002354
pilot:R_00002319_03:V_00002371_07,pilot,impostor,3,R_00002319_03,V_00002371_07,00002319,00002371
pilot:R_00002319_03:V_00002383_03,pilot,impostor,3,R_00002319_03,V_00002383_03,00002319,00002383
pilot:R_00002319_03:V_00002383_10,pilot,impostor,3,R_00002319_03,V_00002383_10,00002319,00002383
pilot:R_00002319_03:V_00002402_03,pilot,impostor,3,R_00002319_03,V_00002402_03,00002319,00002402
pilot:R_00002319_03:V_00002402_10,pilot,impostor,3,R_00002319_03,V_00002402_10,00002319,00002402
pilot:R_00002319_03:V_00002403_03,pilot,impostor,3,R_00002319_03,V_00002403_03,00002319,00002403
pilot:R_00002319_03:V_00002403_10,pilot,impostor,3,R_00002319_03,V_00002403_10,00002319,00002403
pilot:R_00002319_03:V_00002408_03,pilot,impostor,3,R_00002319_03,V_00002408_03,00002319,00002408
pilot:R_00002319_03:V_00002408_10,pilot,impostor,3,R_00002319_03,V_00002408_10,00002319,00002408
pilot:R_00002319_03:V_00002412_03,pilot,impostor,3,R_00002319_03,V_00002412_03,00002319,00002412
pilot:R_00002319_03:V_00002412_10,pilot,impostor,3,R_00002319_03,V_00002412_10,00002319,00002412
pilot:R_00002319_03:V_00002420_03,pilot,impostor,3,R_00002319_03,V_00002420_03,00002319,00002420
pilot:R_00002319_03:V_00002420_10,pilot,impostor,3,R_00002319_03,V_00002420_10,00002319,00002420
pilot:R_00002319_03:V_00002424_10,pilot,impostor,3,R_00002319_03,V_00002424_10,00002319,00002424
pilot:R_00002319_03:V_00002433_10,pilot,impostor,3,R_00002319_03,V_00002433_10,00002319,00002433
pilot:R_00002319_03:V_00002493_06,pilot,impostor,3,R_00002319_03,V_00002493_06,00002319,00002493
pilot:R_00002319_03:V_00002493_10,pilot,impostor,3,R_00002319_03,V_00002493_10,00002319,00002493
pilot:R_00002319_03:V_00002499_01,pilot,impostor,3,R_00002319_03,V_00002499_01,00002319,00002499
pilot:R_00002319_03:V_00002500_05,pilot,impostor,3,R_00002319_03,V_00002500_05,00002319,00002500
pilot:R_00002319_10:V_00002304_03,pilot,impostor,10,R_00002319_10,V_00002304_03,00002319,00002304
pilot:R_00002319_10:V_00002304_10,pilot,impostor,10,R_00002319_10,V_00002304_10,00002319,00002304
pilot:R_00002319_10:V_00002319_03,pilot,impostor,10,R_00002319_10,V_00002319_03,00002319,00002319
pilot:R_00002319_10:V_00002319_10,pilot,genuine,10,R_00002319_10,V_00002319_10,00002319,00002319
pilot:R_00002319_10:V_00002326_03,pilot,impostor,10,R_00002319_10,V_00002326_03,00002319,00002326
pilot:R_00002319_10:V_00002326_10,pilot,impostor,10,R_00002319_10,V_00002326_10,00002319,00002326
pilot:R_00002319_10:V_00002329_01,pilot,impostor,10,R_00002319_10,V_00002329_01,00002319,00002329
pilot:R_00002319_10:V_00002354_03,pilot,impostor,10,R_00002319_10,V_00002354_03,00002319,00002354
pilot:R_00002319_10:V_00002371_07,pilot,impostor,10,R_00002319_10,V_00002371_07,00002319,00002371
pilot:R_00002319_10:V_00002383_03,pilot,impostor,10,R_00002319_10,V_00002383_03,00002319,00002383
pilot:R_00002319_10:V_00002383_10,pilot,impostor,10,R_00002319_10,V_00002383_10,00002319,00002383
pilot:R_00002319_10:V_00002402_10,pilot,impostor,10,R_00002319_10,V_00002402_10,00002319,00002402
pilot:R_00002319_10:V_00002403_03,pilot,impostor,10,R_00002319_10,V_00002403_03,00002319,00002403
pilot:R_00002319_10:V_00002403_10,pilot,impostor,10,R_00002319_10,V_00002403_10,00002319,00002403
pilot:R_00002319_10:V_00002408_03,pilot,impostor,10,R_00002319_10,V_00002408_03,00002319,00002408
pilot:R_00002319_10:V_00002408_10,pilot,impostor,10,R_00002319_10,V_00002408_10,00002319,00002408
pilot:R_00002319_10:V_00002412_03,pilot,impostor,10,R_00002319_10,V_00002412_03,00002319,00002412
pilot:R_00002319_10:V_00002412_10,pilot,impostor,10,R_00002319_10,V_00002412_10,00002319,00002412
pilot:R_00002319_10:V_00002420_03,pilot,impostor,10,R_00002319_10,V_00002420_03,00002319,00002420
pilot:R_00002319_10:V_00002420_10,pilot,impostor,10,R_00002319_10,V_00002420_10,00002319,00002420
pilot:R_00002319_10:V_00002424_03,pilot,impostor,10,R_00002319_10,V_00002424_03,00002319,00002424
pilot:R_00002319_10:V_00002424_10,pilot,impostor,10,R_00002319_10,V_00002424_10,00002319,00002424
pilot:R_00002319_10:V_00002433_10,pilot,impostor,10,R_00002319_10,V_00002433_10,00002319,00002433
pilot:R_00002319_10:V_00002493_06,pilot,impostor,10,R_00002319_10,V_00002493_06,00002319,00002493
pilot:R_00002319_10:V_00002493_10,pilot,impostor,10,R_00002319_10,V_00002493_10,00002319,00002493
pilot:R_00002319_10:V_00002499_01,pilot,impostor,10,R_00002319_10,V_00002499_01,00002319,00002499
pilot:R_00002319_10:V_00002500_05,pilot,impostor,10,R_00002319_10,V_00002500_05,00002319,00002500
pilot:R_00002319_10:V_00002630_10,pilot,impostor,10,R_00002319_10,V_00002630_10,00002319,00002630
pilot:R_00002319_10:V_00002634_07,pilot,impostor,10,R_00002319_10,V_00002634_07,00002319,00002634
pilot:R_00002326_03:V_00002304_03,pilot,impostor,3,R_00002326_03,V_00002304_03,00002326,00002304
pilot:R_00002326_03:V_00002304_10,pilot,impostor,3,R_00002326_03,V_00002304_10,00002326,00002304
pilot:R_00002326_03:V_00002319_03,pilot,impostor,3,R_00002326_03,V_00002319_03,00002326,00002319
pilot:R_00002326_03:V_00002319_10,pilot,impostor,3,R_00002326_03,V_00002319_10,00002326,00002319
pilot:R_00002326_03:V_00002326_03,pilot,genuine,3,R_00002326_03,V_00002326_03,00002326,00002326
pilot:R_00002326_03:V_00002326_10,pilot,impostor,3,R_00002326_03,V_00002326_10,00002326,00002326
pilot:R_00002326_03:V_00002329_01,pilot,impostor,3,R_00002326_03,V_00002329_01,00002326,00002329
pilot:R_00002326_03:V_00002354_03,pilot,impostor,3,R_00002326_03,V_00002354_03,00002326,00002354
pilot:R_00002326_03:V_00002371_07,pilot,impostor,3,R_00002326_03,V_00002371_07,00002326,00002371
pilot:R_00002326_03:V_00002383_03,pilot,impostor,3,R_00002326_03,V_00002383_03,00002326,00002383
pilot:R_00002326_03:V_00002383_10,pilot,impostor,3,R_00002326_03,V_00002383_10,00002326,00002383
pilot:R_00002326_03:V_00002402_03,pilot,impostor,3,R_00002326_03,V_00002402_03,00002326,00002402
pilot:R_00002326_03:V_00002402_10,pilot,impostor,3,R_00002326_03,V_00002402_10,00002326,00002402
pilot:R_00002326_03:V_00002403_03,pilot,impostor,3,R_00002326_03,V_00002403_03,00002326,00002403
pilot:R_00002326_03:V_00002403_10,pilot,impostor,3,R_00002326_03,V_00002403_10,00002326,00002403
pilot:R_00002326_03:V_00002408_03,pilot,impostor,3,R_00002326_03,V_00002408_03,00002326,00002408
pilot:R_00002326_03:V_00002408_10,pilot,impostor,3,R_00002326_03,V_00002408_10,00002326,00002408
pilot:R_00002326_03:V_00002412_03,pilot,impostor,3,R_00002326_03,V_00002412_03,00002326,00002412
pilot:R_00002326_03:V_00002420_03,pilot,impostor,3,R_00002326_03,V_00002420_03,00002326,00002420
pilot:R_00002326_03:V_00002420_10,pilot,impostor,3,R_00002326_03,V_00002420_10,00002326,00002420
pilot:R_00002326_03:V_00002424_03,pilot,impostor,3,R_00002326_03,V_00002424_03,00002326,00002424
pilot:R_00002326_03:V_00002424_10,pilot,impostor,3,R_00002326_03,V_00002424_10,00002326,00002424
pilot:R_00002326_03:V_00002433_10,pilot,impostor,3,R_00002326_03,V_00002433_10,00002326,00002433
pilot:R_00002326_03:V_00002493_06,pilot,impostor,3,R_00002326_03,V_00002493_06,00002326,00002493
pilot:R_00002326_03:V_00002493_10,pilot,impostor,3,R_00002326_03,V_00002493_10,00002326,00002493
pilot:R_00002326_03:V_00002499_01,pilot,impostor,3,R_00002326_03,V_00002499_01,00002326,00002499
pilot:R_00002326_03:V_00002500_05,pilot,impostor,3,R_00002326_03,V_00002500_05,00002326,00002500
pilot:R_00002326_03:V_00002630_10,pilot,impostor,3,R_00002326_03,V_00002630_10,00002326,00002630
pilot:R_00002326_03:V_00002634_07,pilot,impostor,3,R_00002326_03,V_00002634_07,00002326,00002634
pilot:R_00002326_10:V_00002304_03,pilot,impostor,10,R_00002326_10,V_00002304_03,00002326,00002304
pilot:R_00002326_10:V_00002304_10,pilot,impostor,10,R_00002326_10,V_00002304_10,00002326,00002304
pilot:R_00002326_10:V_00002319_03,pilot,impostor,10,R_00002326_10,V_00002319_03,00002326,00002319
pilot:R_00002326_10:V_00002319_10,pilot,impostor,10,R_00002326_10,V_00002319_10,00002326,00002319
pilot:R_00002326_10:V_00002326_03,pilot,impostor,10,R_00002326_10,V_00002326_03,00002326,00002326
pilot:R_00002326_10:V_00002326_10,pilot,genuine,10,R_00002326_10,V_00002326_10,00002326,00002326
pilot:R_00002326_10:V_00002329_01,pilot,impostor,10,R_00002326_10,V_00002329_01,00002326,00002329
pilot:R_00002326_10:V_00002354_03,pilot,impostor,10,R_00002326_10,V_00002354_03,00002326,00002354
pilot:R_00002326_10:V_00002371_07,pilot,impostor,10,R_00002326_10,V_00002371_07,00002326,00002371
pilot:R_00002326_10:V_00002383_03,pilot,impostor,10,R_00002326_10,V_00002383_03,00002326,00002383
pilot:R_00002326_10:V_00002383_10,pilot,impostor,10,R_00002326_10,V_00002383_10,00002326,00002383
pilot:R_00002326_10:V_00002402_03,pilot,impostor,10,R_00002326_10,V_00002402_03,00002326,00002402
pilot:R_00002326_10:V_00002402_10,pilot,impostor,10,R_00002326_10,V_00002402_10,00002326,00002402
pilot:R_00002326_10:V_00002403_03,pilot,impostor,10,R_00002326_10,V_00002403_03,00002326,00002403
pilot:R_00002326_10:V_00002403_10,pilot,impostor,10,R_00002326_10,V_00002403_10,00002326,00002403
pilot:R_00002326_10:V_00002408_03,pilot,impostor,10,R_00002326_10,V_00002408_03,00002326,00002408
pilot:R_00002326_10:V_00002408_10,pilot,impostor,10,R_00002326_10,V_00002408_10,00002326,00002408
pilot:R_00002326_10:V_00002412_03,pilot,impostor,10,R_00002326_10,V_00002412_03,00002326,00002412
pilot:R_00002326_10:V_00002420_03,pilot,impostor,10,R_00002326_10,V_00002420_03,00002326,00002420
pilot:R_00002326_10:V_00002420_10,pilot,impostor,10,R_00002326_10,V_00002420_10,00002326,00002420
pilot:R_00002326_10:V_00002424_03,pilot,impostor,10,R_00002326_10,V_00002424_03,00002326,00002424
pilot:R_00002326_10:V_00002424_10,pilot,impostor,10,R_00002326_10,V_00002424_10,00002326,00002424
pilot:R_00002326_10:V_00002433_10,pilot,impostor,10,R_00002326_10,V_00002433_10,00002326,00002433
pilot:R_00002326_10:V_00002493_06,pilot,impostor,10,R_00002326_10,V_00002493_06,00002326,00002493
pilot:R_00002326_10:V_00002493_10,pilot,impostor,10,R_00002326_10,V_00002493_10,00002326,00002493
pilot:R_00002326_10:V_00002499_01,pilot,impostor,10,R_00002326_10,V_00002499_01,00002326,00002499
pilot:R_00002326_10:V_00002500_05,pilot,impostor,10,R_00002326_10,V_00002500_05,00002326,00002500
pilot:R_00002326_10:V_00002630_10,pilot,impostor,10,R_00002326_10,V_00002630_10,00002326,00002630
pilot:R_00002326_10:V_00002634_07,pilot,impostor,10,R_00002326_10,V_00002634_07,00002326,00002634
pilot:R_00002329_01:V_00002304_03,pilot,impostor,1,R_00002329_01,V_00002304_03,00002329,00002304
pilot:R_00002329_01:V_00002304_10,pilot,impostor,1,R_00002329_01,V_00002304_10,00002329,00002304
pilot:R_00002329_01:V_00002319_03,pilot,impostor,1,R_00002329_01,V_00002319_03,00002329,00002319
pilot:R_00002329_01:V_00002319_10,pilot,impostor,1,R_00002329_01,V_00002319_10,00002329,00002319
pilot:R_00002329_01:V_00002326_03,pilot,impostor,1,R_00002329_01,V_00002326_03,00002329,00002326
pilot:R_00002329_01:V_00002326_10,pilot,impostor,1,R_00002329_01,V_00002326_10,00002329,00002326
pilot:R_00002329_01:V_00002329_01,pilot,genuine,1,R_00002329_01,V_00002329_01,00002329,00002329
pilot:R_00002329_01:V_00002354_03,pilot,impostor,1,R_00002329_01,V_00002354_03,00002329,00002354
pilot:R_00002329_01:V_00002371_07,pilot,impostor,1,R_00002329_01,V_00002371_07,00002329,00002371
pilot:R_00002329_01:V_00002383_03,pilot,impostor,1,R_00002329_01,V_00002383_03,00002329,00002383
pilot:R_00002329_01:V_00002383_10,pilot,impostor,1,R_00002329_01,V_00002383_10,00002329,00002383
pilot:R_00002329_01:V_00002402_03,pilot,impostor,1,R_00002329_01,V_00002402_03,00002329,00002402
pilot:R_00002329_01:V_00002402_10,pilot,impostor,1,R_00002329_01,V_00002402_10,00002329,00002402
pilot:R_00002329_01:V_00002403_03,pilot,impostor,1,R_00002329_01,V_00002403_03,00002329,00002403
pilot:R_00002329_01:V_00002403_10,pilot,impostor,1,R_00002329_01,V_00002403_10,00002329,00002403
pilot:R_00002329_01:V_00002408_03,pilot,impostor,1,R_00002329_01,V_00002408_03,00002329,00002408
pilot:R_00002329_01:V_00002408_10,pilot,impostor,1,R_00002329_01,V_00002408_10,00002329,00002408
pilot:R_00002329_01:V_00002412_03,pilot,impostor,1,R_00002329_01,V_00002412_03,00002329,00002412
pilot:R_00002329_01:V_00002412_10,pilot,impostor,1,R_00002329_01,V_00002412_10,00002329,00002412
pilot:R_00002329_01:V_00002420_03,pilot,impostor,1,R_00002329_01,V_00002420_03,00002329,00002420
pilot:R_00002329_01:V_00002420_10,pilot,impostor,1,R_00002329_01,V_00002420_10,00002329,00002420
pilot:R_00002329_01:V_00002424_10,pilot,impostor,1,R_00002329_01,V_00002424_10,00002329,00002424
pilot:R_00002329_01:V_00002433_10,pilot,impostor,1,R_00002329_01,V_00002433_10,00002329,00002433
pilot:R_00002329_01:V_00002493_06,pilot,impostor,1,R_00002329_01,V_00002493_06,00002329,00002493
pilot:R_00002329_01:V_00002493_10,pilot,impostor,1,R_00002329_01,V_00002493_10,00002329,00002493
pilot:R_00002329_01:V_00002499_01,pilot,impostor,1,R_00002329_01,V_00002499_01,00002329,00002499
pilot:R_00002329_01:V_00002630_10,pilot,impostor,1,R_00002329_01,V_00002630_10,00002329,00002630
pilot:R_00002329_01:V_00002634_07,pilot,impostor,1,R_00002329_01,V_00002634_07,00002329,00002634
pilot:R_00002352_04:V_00002304_03,pilot,impostor,4,R_00002352_04,V_00002304_03,00002352,00002304
pilot:R_00002352_04:V_00002304_10,pilot,impostor,4,R_00002352_04,V_00002304_10,00002352,00002304
pilot:R_00002352_04:V_00002319_03,pilot,impostor,4,R_00002352_04,V_00002319_03,00002352,00002319
pilot:R_00002352_04:V_00002319_10,pilot,impostor,4,R_00002352_04,V_00002319_10,00002352,00002319
pilot:R_00002352_04:V_00002326_03,pilot,impostor,4,R_00002352_04,V_00002326_03,00002352,00002326
pilot:R_00002352_04:V_00002326_10,pilot,impostor,4,R_00002352_04,V_00002326_10,00002352,00002326
pilot:R_00002352_04:V_00002329_01,pilot,impostor,4,R_00002352_04,V_00002329_01,00002352,00002329
pilot:R_00002352_04:V_00002354_03,pilot,impostor,4,R_00002352_04,V_00002354_03,00002352,00002354
pilot:R_00002352_04:V_00002371_07,pilot,impostor,4,R_00002352_04,V_00002371_07,00002352,00002371
pilot:R_00002352_04:V_00002383_03,pilot,impostor,4,R_00002352_04,V_00002383_03,00002352,00002383
pilot:R_00002352_04:V_00002383_10,pilot,impostor,4,R_00002352_04,V_00002383_10,00002352,00002383
pilot:R_00002352_04:V_00002402_03,pilot,impostor,4,R_00002352_04,V_00002402_03,00002352,00002402
pilot:R_00002352_04:V_00002402_10,pilot,impostor,4,R_00002352_04,V_00002402_10,00002352,00002402
pilot:R_00002352_04:V_00002403_03,pilot,impostor,4,R_00002352_04,V_00002403_03,00002352,00002403
pilot:R_00002352_04:V_00002403_10,pilot,impostor,4,R_00002352_04,V_00002403_10,00002352,00002403
pilot:R_00002352_04:V_00002408_03,pilot,impostor,4,R_00002352_04,V_00002408_03,00002352,00002408
pilot:R_00002352_04:V_00002408_10,pilot,impostor,4,R_00002352_04,V_00002408_10,00002352,00002408
pilot:R_00002352_04:V_00002412_03,pilot,impostor,4,R_00002352_04,V_00002412_03,00002352,00002412
pilot:R_00002352_04:V_00002412_10,pilot,impostor,4,R_00002352_04,V_00002412_10,00002352,00002412
pilot:R_00002352_04:V_00002420_03,pilot,impostor,4,R_00002352_04,V_00002420_03,00002352,00002420
pilot:R_00002352_04:V_00002420_10,pilot,impostor,4,R_00002352_04,V_00002420_10,00002352,00002420
pilot:R_00002352_04:V_00002424_03,pilot,impostor,4,R_00002352_04,V_00002424_03,00002352,00002424
pilot:R_00002352_04:V_00002424_10,pilot,impostor,4,R_00002352_04,V_00002424_10,00002352,00002424
pilot:R_00002352_04:V_00002433_10,pilot,impostor,4,R_00002352_04,V_00002433_10,00002352,00002433
pilot:R_00002352_04:V_00002493_06,pilot,impostor,4,R_00002352_04,V_00002493_06,00002352,00002493
pilot:R_00002352_04:V_00002493_10,pilot,impostor,4,R_00002352_04,V_00002493_10,00002352,00002493
pilot:R_00002352_04:V_00002499_01,pilot,impostor,4,R_00002352_04,V_00002499_01,00002352,00002499
pilot:R_00002352_04:V_00002500_05,pilot,impostor,4,R_00002352_04,V_00002500_05,00002352,00002500
pilot:R_00002352_04:V_00002630_10,pilot,impostor,4,R_00002352_04,V_00002630_10,00002352,00002630
pilot:R_00002352_04:V_00002634_07,pilot,impostor,4,R_00002352_04,V_00002634_07,00002352,00002634
pilot:R_00002352_08:V_00002304_03,pilot,impostor,8,R_00002352_08,V_00002304_03,00002352,00002304
pilot:R_00002352_08:V_00002304_10,pilot,impostor,8,R_00002352_08,V_00002304_10,00002352,00002304
pilot:R_00002352_08:V_00002319_03,pilot,impostor,8,R_00002352_08,V_00002319_03,00002352,00002319
pilot:R_00002352_08:V_00002319_10,pilot,impostor,8,R_00002352_08,V_00002319_10,00002352,00002319
pilot:R_00002352_08:V_00002326_03,pilot,impostor,8,R_00002352_08,V_00002326_03,00002352,00002326
pilot:R_00002352_08:V_00002326_10,pilot,impostor,8,R_00002352_08,V_00002326_10,00002352,00002326
pilot:R_00002352_08:V_00002329_01,pilot,impostor,8,R_00002352_08,V_00002329_01,00002352,00002329
pilot:R_00002352_08:V_00002354_03,pilot,impostor,8,R_00002352_08,V_00002354_03,00002352,00002354
pilot:R_00002352_08:V_00002371_07,pilot,impostor,8,R_00002352_08,V_00002371_07,00002352,00002371
pilot:R_00002352_08:V_00002383_03,pilot,impostor,8,R_00002352_08,V_00002383_03,00002352,00002383
pilot:R_00002352_08:V_00002383_10,pilot,impostor,8,R_00002352_08,V_00002383_10,00002352,00002383
pilot:R_00002352_08:V_00002402_03,pilot,impostor,8,R_00002352_08,V_00002402_03,00002352,00002402
pilot:R_00002352_08:V_00002402_10,pilot,impostor,8,R_00002352_08,V_00002402_10,00002352,00002402
pilot:R_00002352_08:V_00002403_03,pilot,impostor,8,R_00002352_08,V_00002403_03,00002352,00002403
pilot:R_00002352_08:V_00002403_10,pilot,impostor,8,R_00002352_08,V_00002403_10,00002352,00002403
pilot:R_00002352_08:V_00002408_03,pilot,impostor,8,R_00002352_08,V_00002408_03,00002352,00002408
pilot:R_00002352_08:V_00002408_10,pilot,impostor,8,R_00002352_08,V_00002408_10,00002352,00002408
pilot:R_00002352_08:V_00002412_03,pilot,impostor,8,R_00002352_08,V_00002412_03,00002352,00002412
pilot:R_00002352_08:V_00002412_10,pilot,impostor,8,R_00002352_08,V_00002412_10,00002352,00002412
pilot:R_00002352_08:V_00002420_03,pilot,impostor,8,R_00002352_08,V_00002420_03,00002352,00002420
pilot:R_00002352_08:V_00002420_10,pilot,impostor,8,R_00002352_08,V_00002420_10,00002352,00002420
pilot:R_00002352_08:V_00002424_03,pilot,impostor,8,R_00002352_08,V_00002424_03,00002352,00002424
pilot:R_00002352_08:V_00002424_10,pilot,impostor,8,R_00002352_08,V_00002424_10,00002352,00002424
pilot:R_00002352_08:V_00002433_10,pilot,impostor,8,R_00002352_08,V_00002433_10,00002352,00002433
pilot:R_00002352_08:V_00002493_06,pilot,impostor,8,R_00002352_08,V_00002493_06,00002352,00002493
pilot:R_00002352_08:V_00002493_10,pilot,impostor,8,R_00002352_08,V_00002493_10,00002352,00002493
pilot:R_00002352_08:V_00002499_01,pilot,impostor,8,R_00002352_08,V_00002499_01,00002352,00002499
pilot:R_00002352_08:V_00002500_05,pilot,impostor,8,R_00002352_08,V_00002500_05,00002352,00002500
pilot:R_00002352_08:V_00002630_10,pilot,impostor,8,R_00002352_08,V_00002630_10,00002352,00002630
pilot:R_00002352_08:V_00002634_07,pilot,impostor,8,R_00002352_08,V_00002634_07,00002352,00002634
pilot:R_00002354_04:V_00002304_03,pilot,impostor,4,R_00002354_04,V_00002304_03,00002354,00002304
pilot:R_00002354_04:V_00002304_10,pilot,impostor,4,R_00002354_04,V_00002304_10,00002354,00002304
pilot:R_00002354_04:V_00002319_03,pilot,impostor,4,R_00002354_04,V_00002319_03,00002354,00002319
pilot:R_00002354_04:V_00002319_10,pilot,impostor,4,R_00002354_04,V_00002319_10,00002354,00002319
pilot:R_00002354_04:V_00002326_03,pilot,impostor,4,R_00002354_04,V_00002326_03,00002354,00002326
pilot:R_00002354_04:V_00002326_10,pilot,impostor,4,R_00002354_04,V_00002326_10,00002354,00002326
pilot:R_00002354_04:V_00002329_01,pilot,impostor,4,R_00002354_04,V_00002329_01,00002354,00002329
pilot:R_00002354_04:V_00002354_03,pilot,impostor,4,R_00002354_04,V_00002354_03,00002354,00002354
pilot:R_00002354_04:V_00002371_07,pilot,impostor,4,R_00002354_04,V_00002371_07,00002354,00002371
pilot:R_00002354_04:V_00002383_03,pilot,impostor,4,R_00002354_04,V_00002383_03,00002354,00002383
pilot:R_00002354_04:V_00002383_10,pilot,impostor,4,R_00002354_04,V_00002383_10,00002354,00002383
pilot:R_00002354_04:V_00002402_03,pilot,impostor,4,R_00002354_04,V_00002402_03,00002354,00002402
pilot:R_00002354_04:V_00002402_10,pilot,impostor,4,R_00002354_04,V_00002402_10,00002354,00002402
pilot:R_00002354_04:V_00002403_03,pilot,impostor,4,R_00002354_04,V_00002403_03,00002354,00002403
pilot:R_00002354_04:V_00002403_10,pilot,impostor,4,R_00002354_04,V_00002403_10,00002354,00002403
pilot:R_00002354_04:V_00002408_03,pilot,impostor,4,R_00002354_04,V_00002408_03,00002354,00002408
pilot:R_00002354_04:V_00002408_10,pilot,impostor,4,R_00002354_04,V_00002408_10,00002354,00002408
pilot:R_00002354_04:V_00002412_10,pilot,impostor,4,R_00002354_04,V_00002412_10,00002354,00002412
pilot:R_00002354_04:V_00002420_03,pilot,impostor,4,R_00002354_04,V_00002420_03,00002354,00002420
pilot:R_00002354_04:V_00002420_10,pilot,impostor,4,R_00002354_04,V_00002420_10,00002354,00002420
pilot:R_00002354_04:V_00002424_03,pilot,impostor,4,R_00002354_04,V_00002424_03,00002354,00002424
pilot:R_00002354_04:V_00002424_10,pilot,impostor,4,R_00002354_04,V_00002424_10,00002354,00002424
pilot:R_00002354_04:V_00002433_10,pilot,impostor,4,R_00002354_04,V_00002433_10,00002354,00002433
pilot:R_00002354_04:V_00002493_06,pilot,impostor,4,R_00002354_04,V_00002493_06,00002354,00002493
pilot:R_00002354_04:V_00002493_10,pilot,impostor,4,R_00002354_04,V_00002493_10,00002354,00002493
pilot:R_00002354_04:V_00002499_01,pilot,impostor,4,R_00002354_04,V_00002499_01,00002354,00002499
pilot:R_00002354_04:V_00002500_05,pilot,impostor,4,R_00002354_04,V_00002500_05,00002354,00002500
pilot:R_00002354_04:V_00002630_10,pilot,impostor,4,R_00002354_04,V_00002630_10,00002354,00002630
pilot:R_00002361_09:V_00002304_03,pilot,impostor,9,R_00002361_09,V_00002304_03,00002361,00002304
pilot:R_00002361_09:V_00002304_10,pilot,impostor,9,R_00002361_09,V_00002304_10,00002361,00002304
pilot:R_00002361_09:V_00002319_10,pilot,impostor,9,R_00002361_09,V_00002319_10,00002361,00002319
pilot:R_00002361_09:V_00002326_03,pilot,impostor,9,R_00002361_09,V_00002326_03,00002361,00002326
pilot:R_00002361_09:V_00002326_10,pilot,impostor,9,R_00002361_09,V_00002326_10,00002361,00002326
pilot:R_00002361_09:V_00002329_01,pilot,impostor,9,R_00002361_09,V_00002329_01,00002361,00002329
pilot:R_00002361_09:V_00002354_03,pilot,impostor,9,R_00002361_09,V_00002354_03,00002361,00002354
pilot:R_00002361_09:V_00002371_07,pilot,impostor,9,R_00002361_09,V_00002371_07,00002361,00002371
pilot:R_00002361_09:V_00002383_03,pilot,impostor,9,R_00002361_09,V_00002383_03,00002361,00002383
pilot:R_00002361_09:V_00002383_10,pilot,impostor,9,R_00002361_09,V_00002383_10,00002361,00002383
pilot:R_00002361_09:V_00002402_03,pilot,impostor,9,R_00002361_09,V_00002402_03,00002361,00002402
pilot:R_00002361_09:V_00002402_10,pilot,impostor,9,R_00002361_09,V_00002402_10,00002361,00002402
pilot:R_00002361_09:V_00002403_03,pilot,impostor,9,R_00002361_09,V_00002403_03,00002361,00002403
pilot:R_00002361_09:V_00002403_10,pilot,impostor,9,R_00002361_09,V_00002403_10,00002361,00002403
pilot:R_00002361_09:V_00002408_03,pilot,impostor,9,R_00002361_09,V_00002408_03,00002361,00002408
pilot:R_00002361_09:V_00002408_10,pilot,impostor,9,R_00002361_09,V_00002408_10,00002361,00002408
pilot:R_00002361_09:V_00002412_03,pilot,impostor,9,R_00002361_09,V_00002412_03,00002361,00002412
pilot:R_00002361_09:V_00002412_10,pilot,impostor,9,R_00002361_09,V_00002412_10,00002361,00002412
pilot:R_00002361_09:V_00002420_03,pilot,impostor,9,R_00002361_09,V_00002420_03,00002361,00002420
pilot:R_00002361_09:V_00002420_10,pilot,impostor,9,R_00002361_09,V_00002420_10,00002361,00002420
pilot:R_00002361_09:V_00002424_03,pilot,impostor,9,R_00002361_09,V_00002424_03,00002361,00002424
pilot:R_00002361_09:V_00002424_10,pilot,impostor,9,R_00002361_09,V_00002424_10,00002361,00002424
pilot:R_00002361_09:V_00002433_10,pilot,impostor,9,R_00002361_09,V_00002433_10,00002361,00002433
pilot:R_00002361_09:V_00002500_05,pilot,impostor,9,R_00002361_09,V_00002500_05,00002361,00002500
pilot:R_00002361_09:V_00002630_10,pilot,impostor,9,R_00002361_09,V_00002630_10,00002361,00002630
pilot:R_00002361_09:V_00002634_07,pilot,impostor,9,R_00002361_09,V_00002634_07,00002361,00002634
pilot:R_00002372_01:V_00002304_03,pilot,impostor,1,R_00002372_01,V_00002304_03,00002372,00002304
pilot:R_00002372_01:V_00002304_10,pilot,impostor,1,R_00002372_01,V_00002304_10,00002372,00002304
pilot:R_00002372_01:V_00002319_03,pilot,impostor,1,R_00002372_01,V_00002319_03,00002372,00002319
pilot:R_00002372_01:V_00002319_10,pilot,impostor,1,R_00002372_01,V_00002319_10,00002372,00002319
pilot:R_00002372_01:V_00002326_03,pilot,impostor,1,R_00002372_01,V_00002326_03,00002372,00002326
pilot:R_00002372_01:V_00002326_10,pilot,impostor,1,R_00002372_01,V_00002326_10,00002372,00002326
pilot:R_00002372_01:V_00002354_03,pilot,impostor,1,R_00002372_01,V_00002354_03,00002372,00002354
pilot:R_00002372_01:V_00002371_07,pilot,impostor,1,R_00002372_01,V_00002371_07,00002372,00002371
pilot:R_00002372_01:V_00002383_03,pilot,impostor,1,R_00002372_01,V_00002383_03,00002372,00002383
pilot:R_00002372_01:V_00002383_10,pilot,impostor,1,R_00002372_01,V_00002383_10,00002372,00002383
pilot:R_00002372_01:V_00002402_03,pilot,impostor,1,R_00002372_01,V_00002402_03,00002372,00002402
pilot:R_00002372_01:V_00002402_10,pilot,impostor,1,R_00002372_01,V_00002402_10,00002372,00002402
pilot:R_00002372_01:V_00002403_03,pilot,impostor,1,R_00002372_01,V_00002403_03,00002372,00002403
pilot:R_00002372_01:V_00002403_10,pilot,impostor,1,R_00002372_01,V_00002403_10,00002372,00002403
pilot:R_00002372_01:V_00002408_03,pilot,impostor,1,R_00002372_01,V_00002408_03,00002372,00002408
pilot:R_00002372_01:V_00002408_10,pilot,impostor,1,R_00002372_01,V_00002408_10,00002372,00002408
pilot:R_00002372_01:V_00002412_10,pilot,impostor,1,R_00002372_01,V_00002412_10,00002372,00002412
pilot:R_00002372_01:V_00002420_03,pilot,impostor,1,R_00002372_01,V_00002420_03,00002372,00002420
pilot:R_00002372_01:V_00002420_10,pilot,impostor,1,R_00002372_01,V_00002420_10,00002372,00002420
pilot:R_00002372_01:V_00002424_03,pilot,impostor,1,R_00002372_01,V_00002424_03,00002372,00002424
pilot:R_00002372_01:V_00002424_10,pilot,impostor,1,R_00002372_01,V_00002424_10,00002372,00002424
pilot:R_00002372_01:V_00002433_10,pilot,impostor,1,R_00002372_01,V_00002433_10,00002372,00002433
pilot:R_00002372_01:V_00002493_06,pilot,impostor,1,R_00002372_01,V_00002493_06,00002372,00002493
pilot:R_00002372_01:V_00002493_10,pilot,impostor,1,R_00002372_01,V_00002493_10,00002372,00002493
pilot:R_00002372_01:V_00002499_01,pilot,impostor,1,R_00002372_01,V_00002499_01,00002372,00002499
pilot:R_00002372_01:V_00002500_05,pilot,impostor,1,R_00002372_01,V_00002500_05,00002372,00002500
pilot:R_00002372_01:V_00002630_10,pilot,impostor,1,R_00002372_01,V_00002630_10,00002372,00002630
pilot:R_00002372_01:V_00002634_07,pilot,impostor,1,R_00002372_01,V_00002634_07,00002372,00002634
pilot:R_00002383_03:V_00002304_03,pilot,impostor,3,R_00002383_03,V_00002304_03,00002383,00002304
pilot:R_00002383_03:V_00002304_10,pilot,impostor,3,R_00002383_03,V_00002304_10,00002383,00002304
pilot:R_00002383_03:V_00002319_03,pilot,impostor,3,R_00002383_03,V_00002319_03,00002383,00002319
pilot:R_00002383_03:V_00002319_10,pilot,impostor,3,R_00002383_03,V_00002319_10,00002383,00002319
pilot:R_00002383_03:V_00002326_03,pilot,impostor,3,R_00002383_03,V_00002326_03,00002383,00002326
pilot:R_00002383_03:V_00002326_10,pilot,impostor,3,R_00002383_03,V_00002326_10,00002383,00002326
pilot:R_00002383_03:V_00002329_01,pilot,impostor,3,R_00002383_03,V_00002329_01,00002383,00002329
pilot:R_00002383_03:V_00002354_03,pilot,impostor,3,R_00002383_03,V_00002354_03,00002383,00002354
pilot:R_00002383_03:V_00002371_07,pilot,impostor,3,R_00002383_03,V_00002371_07,00002383,00002371
pilot:R_00002383_03:V_00002383_03,pilot,genuine,3,R_00002383_03,V_00002383_03,00002383,00002383
pilot:R_00002383_03:V_00002383_10,pilot,impostor,3,R_00002383_03,V_00002383_10,00002383,00002383
pilot:R_00002383_03:V_00002402_03,pilot,impostor,3,R_00002383_03,V_00002402_03,00002383,00002402
pilot:R_00002383_03:V_00002403_10,pilot,impostor,3,R_00002383_03,V_00002403_10,00002383,00002403
pilot:R_00002383_03:V_00002408_03,pilot,impostor,3,R_00002383_03,V_00002408_03,00002383,00002408
pilot:R_00002383_03:V_00002408_10,pilot,impostor,3,R_00002383_03,V_00002408_10,00002383,00002408
pilot:R_00002383_03:V_00002412_03,pilot,impostor,3,R_00002383_03,V_00002412_03,00002383,00002412
pilot:R_00002383_03:V_00002412_10,pilot,impostor,3,R_00002383_03,V_00002412_10,00002383,00002412
pilot:R_00002383_03:V_00002420_03,pilot,impostor,3,R_00002383_03,V_00002420_03,00002383,00002420
pilot:R_00002383_03:V_00002420_10,pilot,impostor,3,R_00002383_03,V_00002420_10,00002383,00002420
pilot:R_00002383_03:V_00002424_03,pilot,impostor,3,R_00002383_03,V_00002424_03,00002383,00002424
pilot:R_00002383_03:V_00002424_10,pilot,impostor,3,R_00002383_03,V_00002424_10,00002383,00002424
pilot:R_00002383_03:V_00002433_10,pilot,impostor,3,R_00002383_03,V_00002433_10,00002383,00002433
pilot:R_00002383_03:V_00002493_06,pilot,impostor,3,R_00002383_03,V_00002493_06,00002383,00002493
pilot:R_00002383_03:V_00002493_10,pilot,impostor,3,R_00002383_03,V_00002493_10,00002383,00002493
pilot:R_00002383_03:V_00002500_05,pilot,impostor,3,R_00002383_03,V_00002500_05,00002383,00002500
pilot:R_00002383_03:V_00002630_10,pilot,impostor,3,R_00002383_03,V_00002630_10,00002383,00002630
pilot:R_00002383_03:V_00002634_07,pilot,impostor,3,R_00002383_03,V_00002634_07,00002383,00002634
pilot:R_00002383_10:V_00002304_03,pilot,impostor,10,R_00002383_10,V_00002304_03,00002383,00002304
pilot:R_00002383_10:V_00002304_10,pilot,impostor,10,R_00002383_10,V_00002304_10,00002383,00002304
pilot:R_00002383_10:V_00002319_03,pilot,impostor,10,R_00002383_10,V_00002319_03,00002383,00002319
pilot:R_00002383_10:V_00002319_10,pilot,impostor,10,R_00002383_10,V_00002319_10,00002383,00002319
pilot:R_00002383_10:V_00002326_03,pilot,impostor,10,R_00002383_10,V_00002326_03,00002383,00002326
pilot:R_00002383_10:V_00002326_10,pilot,impostor,10,R_00002383_10,V_00002326_10,00002383,00002326
pilot:R_00002383_10:V_00002329_01,pilot,impostor,10,R_00002383_10,V_00002329_01,00002383,00002329
pilot:R_00002383_10:V_00002354_03,pilot,impostor,10,R_00002383_10,V_00002354_03,00002383,00002354
pilot:R_00002383_10:V_00002371_07,pilot,impostor,10,R_00002383_10,V_00002371_07,00002383,00002371
pilot:R_00002383_10:V_00002383_03,pilot,impostor,10,R_00002383_10,V_00002383_03,00002383,00002383
pilot:R_00002383_10:V_00002383_10,pilot,genuine,10,R_00002383_10,V_00002383_10,00002383,00002383
pilot:R_00002383_10:V_00002402_03,pilot,impostor,10,R_00002383_10,V_00002402_03,00002383,00002402
pilot:R_00002383_10:V_00002402_10,pilot,impostor,10,R_00002383_10,V_00002402_10,00002383,00002402
pilot:R_00002383_10:V_00002403_03,pilot,impostor,10,R_00002383_10,V_00002403_03,00002383,00002403
pilot:R_00002383_10:V_00002403_10,pilot,impostor,10,R_00002383_10,V_00002403_10,00002383,00002403
pilot:R_00002383_10:V_00002408_03,pilot,impostor,10,R_00002383_10,V_00002408_03,00002383,00002408
pilot:R_00002383_10:V_00002408_10,pilot,impostor,10,R_00002383_10,V_00002408_10,00002383,00002408
pilot:R_00002383_10:V_00002412_10,pilot,impostor,10,R_00002383_10,V_00002412_10,00002383,00002412
pilot:R_00002383_10:V_00002420_03,pilot,impostor,10,R_00002383_10,V_00002420_03,00002383,00002420
pilot:R_00002383_10:V_00002420_10,pilot,impostor,10,R_00002383_10,V_00002420_10,00002383,00002420
pilot:R_00002383_10:V_00002424_03,pilot,impostor,10,R_00002383_10,V_00002424_03,00002383,00002424
pilot:R_00002383_10:V_00002424_10,pilot,impostor,10,R_00002383_10,V_00002424_10,00002383,00002424
pilot:R_00002383_10:V_00002433_10,pilot,impostor,10,R_00002383_10,V_00002433_10,00002383,00002433
pilot:R_00002383_10:V_00002493_06,pilot,impostor,10,R_00002383_10,V_00002493_06,00002383,00002493
pilot:R_00002383_10:V_00002493_10,pilot,impostor,10,R_00002383_10,V_00002493_10,00002383,00002493
pilot:R_00002383_10:V_00002499_01,pilot,impostor,10,R_00002383_10,V_00002499_01,00002383,00002499
pilot:R_00002383_10:V_00002500_05,pilot,impostor,10,R_00002383_10,V_00002500_05,00002383,00002500
pilot:R_00002383_10:V_00002630_10,pilot,impostor,10,R_00002383_10,V_00002630_10,00002383,00002630
pilot:R_00002394_08:V_00002304_03,pilot,impostor,8,R_00002394_08,V_00002304_03,00002394,00002304
pilot:R_00002394_08:V_00002304_10,pilot,impostor,8,R_00002394_08,V_00002304_10,00002394,00002304
pilot:R_00002394_08:V_00002319_03,pilot,impostor,8,R_00002394_08,V_00002319_03,00002394,00002319
pilot:R_00002394_08:V_00002319_10,pilot,impostor,8,R_00002394_08,V_00002319_10,00002394,00002319
pilot:R_00002394_08:V_00002326_03,pilot,impostor,8,R_00002394_08,V_00002326_03,00002394,00002326
pilot:R_00002394_08:V_00002326_10,pilot,impostor,8,R_00002394_08,V_00002326_10,00002394,00002326
pilot:R_00002394_08:V_00002329_01,pilot,impostor,8,R_00002394_08,V_00002329_01,00002394,00002329
pilot:R_00002394_08:V_00002354_03,pilot,impostor,8,R_00002394_08,V_00002354_03,00002394,00002354
pilot:R_00002394_08:V_00002371_07,pilot,impostor,8,R_00002394_08,V_00002371_07,00002394,00002371
pilot:R_00002394_08:V_00002383_03,pilot,impostor,8,R_00002394_08,V_00002383_03,00002394,00002383
pilot:R_00002394_08:V_00002383_10,pilot,impostor,8,R_00002394_08,V_00002383_10,00002394,00002383
pilot:R_00002394_08:V_00002402_03,pilot,impostor,8,R_00002394_08,V_00002402_03,00002394,00002402
pilot:R_00002394_08:V_00002402_10,pilot,impostor,8,R_00002394_08,V_00002402_10,00002394,00002402
pilot:R_00002394_08:V_00002403_03,pilot,impostor,8,R_00002394_08,V_00002403_03,00002394,00002403
pilot:R_00002394_08:V_00002403_10,pilot,impostor,8,R_00002394_08,V_00002403_10,00002394,00002403
pilot:R_00002394_08:V_00002408_03,pilot,impostor,8,R_00002394_08,V_00002408_03,00002394,00002408
pilot:R_00002394_08:V_00002408_10,pilot,impostor,8,R_00002394_08,V_00002408_10,00002394,00002408
pilot:R_00002394_08:V_00002412_03,pilot,impostor,8,R_00002394_08,V_00002412_03,00002394,00002412
pilot:R_00002394_08:V_00002412_10,pilot,impostor,8,R_00002394_08,V_00002412_10,00002394,00002412
pilot:R_00002394_08:V_00002420_03,pilot,impostor,8,R_00002394_08,V_00002420_03,00002394,00002420
pilot:R_00002394_08:V_00002420_10,pilot,impostor,8,R_00002394_08,V_00002420_10,00002394,00002420
pilot:R_00002394_08:V_00002424_03,pilot,impostor,8,R_00002394_08,V_00002424_03,00002394,00002424
pilot:R_00002394_08:V_00002424_10,pilot,impostor,8,R_00002394_08,V_00002424_10,00002394,00002424
pilot:R_00002394_08:V_00002433_10,pilot,impostor,8,R_00002394_08,V_00002433_10,00002394,00002433
pilot:R_00002394_08:V_00002493_06,pilot,impostor,8,R_00002394_08,V_00002493_06,00002394,00002493
pilot:R_00002394_08:V_00002493_10,pilot,impostor,8,R_00002394_08,V_00002493_10,00002394,00002493
pilot:R_00002394_08:V_00002500_05,pilot,impostor,8,R_00002394_08,V_00002500_05,00002394,00002500
pilot:R_00002394_08:V_00002630_10,pilot,impostor,8,R_00002394_08,V_00002630_10,00002394,00002630
pilot:R_00002394_08:V_00002634_07,pilot,impostor,8,R_00002394_08,V_00002634_07,00002394,00002634
pilot:R_00002402_03:V_00002304_03,pilot,impostor,3,R_00002402_03,V_00002304_03,00002402,00002304
pilot:R_00002402_03:V_00002304_10,pilot,impostor,3,R_00002402_03,V_00002304_10,00002402,00002304
pilot:R_00002402_03:V_00002319_10,pilot,impostor,3,R_00002402_03,V_00002319_10,00002402,00002319
pilot:R_00002402_03:V_00002326_03,pilot,impostor,3,R_00002402_03,V_00002326_03,00002402,00002326
pilot:R_00002402_03:V_00002326_10,pilot,impostor,3,R_00002402_03,V_00002326_10,00002402,00002326
pilot:R_00002402_03:V_00002329_01,pilot,impostor,3,R_00002402_03,V_00002329_01,00002402,00002329
pilot:R_00002402_03:V_00002354_03,pilot,impostor,3,R_00002402_03,V_00002354_03,00002402,00002354
pilot:R_00002402_03:V_00002371_07,pilot,impostor,3,R_00002402_03,V_00002371_07,00002402,00002371
pilot:R_00002402_03:V_00002383_03,pilot,impostor,3,R_00002402_03,V_00002383_03,00002402,00002383
pilot:R_00002402_03:V_00002383_10,pilot,impostor,3,R_00002402_03,V_00002383_10,00002402,00002383
pilot:R_00002402_03:V_00002402_03,pilot,genuine,3,R_00002402_03,V_00002402_03,00002402,00002402
pilot:R_00002402_03:V_00002402_10,pilot,impostor,3,R_00002402_03,V_00002402_10,00002402,00002402
pilot:R_00002402_03:V_00002403_03,pilot,impostor,3,R_00002402_03,V_00002403_03,00002402,00002403
pilot:R_00002402_03:V_00002403_10,pilot,impostor,3,R_00002402_03,V_00002403_10,00002402,00002403
pilot:R_00002402_03:V_00002408_03,pilot,impostor,3,R_00002402_03,V_00002408_03,00002402,00002408
pilot:R_00002402_03:V_00002408_10,pilot,impostor,3,R_00002402_03,V_00002408_10,00002402,00002408
pilot:R_00002402_03:V_00002412_03,pilot,impostor,3,R_00002402_03,V_00002412_03,00002402,00002412
pilot:R_00002402_03:V_00002412_10,pilot,impostor,3,R_00002402_03,V_00002412_10,00002402,00002412
pilot:R_00002402_03:V_00002420_03,pilot,impostor,3,R_00002402_03,V_00002420_03,00002402,00002420
pilot:R_00002402_03:V_00002420_10,pilot,impostor,3,R_00002402_03,V_00002420_10,00002402,00002420
pilot:R_00002402_03:V_00002424_03,pilot,impostor,3,R_00002402_03,V_00002424_03,00002402,00002424
pilot:R_00002402_03:V_00002424_10,pilot,impostor,3,R_00002402_03,V_00002424_10,00002402,00002424
pilot:R_00002402_03:V_00002433_10,pilot,impostor,3,R_00002402_03,V_00002433_10,00002402,00002433
pilot:R_00002402_03:V_00002493_06,pilot,impostor,3,R_00002402_03,V_00002493_06,00002402,00002493
pilot:R_00002402_03:V_00002493_10,pilot,impostor,3,R_00002402_03,V_00002493_10,00002402,00002493
pilot:R_00002402_03:V_00002499_01,pilot,impostor,3,R_00002402_03,V_00002499_01,00002402,00002499
pilot:R_00002402_03:V_00002500_05,pilot,impostor,3,R_00002402_03,V_00002500_05,00002402,00002500
pilot:R_00002402_03:V_00002630_10,pilot,impostor,3,R_00002402_03,V_00002630_10,00002402,00002630
pilot:R_00002402_03:V_00002634_07,pilot,impostor,3,R_00002402_03,V_00002634_07,00002402,00002634
pilot:R_00002402_10:V_00002304_03,pilot,impostor,10,R_00002402_10,V_00002304_03,00002402,00002304
pilot:R_00002402_10:V_00002304_10,pilot,impostor,10,R_00002402_10,V_00002304_10,00002402,00002304
pilot:R_00002402_10:V_00002319_03,pilot,impostor,10,R_00002402_10,V_00002319_03,00002402,00002319
pilot:R_00002402_10:V_00002319_10,pilot,impostor,10,R_00002402_10,V_00002319_10,00002402,00002319
pilot:R_00002402_10:V_00002326_03,pilot,impostor,10,R_00002402_10,V_00002326_03,00002402,00002326
pilot:R_00002402_10:V_00002326_10,pilot,impostor,10,R_00002402_10,V_00002326_10,00002402,00002326
pilot:R_00002402_10:V_00002329_01,pilot,impostor,10,R_00002402_10,V_00002329_01,00002402,00002329
pilot:R_00002402_10:V_00002354_03,pilot,impostor,10,R_00002402_10,V_00002354_03,00002402,00002354
pilot:R_00002402_10:V_00002371_07,pilot,impostor,10,R_00002402_10,V_00002371_07,00002402,00002371
pilot:R_00002402_10:V_00002383_03,pilot,impostor,10,R_00002402_10,V_00002383_03,00002402,00002383
pilot:R_00002402_10:V_00002383_10,pilot,impostor,10,R_00002402_10,V_00002383_10,00002402,00002383
pilot:R_00002402_10:V_00002402_03,pilot,impostor,10,R_00002402_10,V_00002402_03,00002402,00002402
pilot:R_00002402_10:V_00002402_10,pilot,genuine,10,R_00002402_10,V_00002402_10,00002402,00002402
pilot:R_00002402_10:V_00002403_03,pilot,impostor,10,R_00002402_10,V_00002403_03,00002402,00002403
pilot:R_00002402_10:V_00002403_10,pilot,impostor,10,R_00002402_10,V_00002403_10,00002402,00002403
pilot:R_00002402_10:V_00002408_03,pilot,impostor,10,R_00002402_10,V_00002408_03,00002402,00002408
pilot:R_00002402_10:V_00002408_10,pilot,impostor,10,R_00002402_10,V_00002408_10,00002402,00002408
pilot:R_00002402_10:V_00002412_03,pilot,impostor,10,R_00002402_10,V_00002412_03,00002402,00002412
pilot:R_00002402_10:V_00002412_10,pilot,impostor,10,R_00002402_10,V_00002412_10,00002402,00002412
pilot:R_00002402_10:V_00002420_03,pilot,impostor,10,R_00002402_10,V_00002420_03,00002402,00002420
pilot:R_00002402_10:V_00002420_10,pilot,impostor,10,R_00002402_10,V_00002420_10,00002402,00002420
pilot:R_00002402_10:V_00002424_03,pilot,impostor,10,R_00002402_10,V_00002424_03,00002402,00002424
pilot:R_00002402_10:V_00002424_10,pilot,impostor,10,R_00002402_10,V_00002424_10,00002402,00002424
pilot:R_00002402_10:V_00002433_10,pilot,impostor,10,R_00002402_10,V_00002433_10,00002402,00002433
pilot:R_00002402_10:V_00002493_06,pilot,impostor,10,R_00002402_10,V_00002493_06,00002402,00002493
pilot:R_00002402_10:V_00002493_10,pilot,impostor,10,R_00002402_10,V_00002493_10,00002402,00002493
pilot:R_00002402_10:V_00002499_01,pilot,impostor,10,R_00002402_10,V_00002499_01,00002402,00002499
pilot:R_00002402_10:V_00002500_05,pilot,impostor,10,R_00002402_10,V_00002500_05,00002402,00002500
pilot:R_00002402_10:V_00002630_10,pilot,impostor,10,R_00002402_10,V_00002630_10,00002402,00002630
pilot:R_00002402_10:V_00002634_07,pilot,impostor,10,R_00002402_10,V_00002634_07,00002402,00002634
pilot:R_00002403_03:V_00002304_03,pilot,impostor,3,R_00002403_03,V_00002304_03,00002403,00002304
pilot:R_00002403_03:V_00002304_10,pilot,impostor,3,R_00002403_03,V_00002304_10,00002403,00002304
pilot:R_00002403_03:V_00002319_03,pilot,impostor,3,R_00002403_03,V_00002319_03,00002403,00002319
pilot:R_00002403_03:V_00002319_10,pilot,impostor,3,R_00002403_03,V_00002319_10,00002403,00002319
pilot:R_00002403_03:V_00002326_03,pilot,impostor,3,R_00002403_03,V_00002326_03,00002403,00002326
pilot:R_00002403_03:V_00002326_10,pilot,impostor,3,R_00002403_03,V_00002326_10,00002403,00002326
pilot:R_00002403_03:V_00002329_01,pilot,impostor,3,R_00002403_03,V_00002329_01,00002403,00002329
pilot:R_00002403_03:V_00002354_03,pilot,impostor,3,R_00002403_03,V_00002354_03,00002403,00002354
pilot:R_00002403_03:V_00002371_07,pilot,impostor,3,R_00002403_03,V_00002371_07,00002403,00002371
pilot:R_00002403_03:V_00002383_03,pilot,impostor,3,R_00002403_03,V_00002383_03,00002403,00002383
pilot:R_00002403_03:V_00002383_10,pilot,impostor,3,R_00002403_03,V_00002383_10,00002403,00002383
pilot:R_00002403_03:V_00002402_03,pilot,impostor,3,R_00002403_03,V_00002402_03,00002403,00002402
pilot:R_00002403_03:V_00002402_10,pilot,impostor,3,R_00002403_03,V_00002402_10,00002403,00002402
pilot:R_00002403_03:V_00002403_03,pilot,genuine,3,R_00002403_03,V_00002403_03,00002403,00002403
pilot:R_00002403_03:V_00002403_10,pilot,impostor,3,R_00002403_03,V_00002403_10,00002403,00002403
pilot:R_00002403_03:V_00002408_03,pilot,impostor,3,R_00002403_03,V_00002408_03,00002403,00002408
pilot:R_00002403_03:V_00002408_10,pilot,impostor,3,R_00002403_03,V_00002408_10,00002403,00002408
pilot:R_00002403_03:V_00002412_03,pilot,impostor,3,R_00002403_03,V_00002412_03,00002403,00002412
pilot:R_00002403_03:V_00002412_10,pilot,impostor,3,R_00002403_03,V_00002412_10,00002403,00002412
pilot:R_00002403_03:V_00002420_03,pilot,impostor,3,R_00002403_03,V_00002420_03,00002403,00002420
pilot:R_00002403_03:V_00002420_10,pilot,impostor,3,R_00002403_03,V_00002420_10,00002403,00002420
pilot:R_00002403_03:V_00002424_03,pilot,impostor,3,R_00002403_03,V_00002424_03,00002403,00002424
pilot:R_00002403_03:V_00002424_10,pilot,impostor,3,R_00002403_03,V_00002424_10,00002403,00002424
pilot:R_00002403_03:V_00002433_10,pilot,impostor,3,R_00002403_03,V_00002433_10,00002403,00002433
pilot:R_00002403_03:V_00002493_06,pilot,impostor,3,R_00002403_03,V_00002493_06,00002403,00002493
pilot:R_00002403_03:V_00002493_10,pilot,impostor,3,R_00002403_03,V_00002493_10,00002403,00002493
pilot:R_00002403_03:V_00002499_01,pilot,impostor,3,R_00002403_03,V_00002499_01,00002403,00002499
pilot:R_00002403_03:V_00002500_05,pilot,impostor,3,R_00002403_03,V_00002500_05,00002403,00002500
pilot:R_00002403_03:V_00002630_10,pilot,impostor,3,R_00002403_03,V_00002630_10,00002403,00002630
pilot:R_00002403_03:V_00002634_07,pilot,impostor,3,R_00002403_03,V_00002634_07,00002403,00002634
pilot:R_00002403_10:V_00002304_03,pilot,impostor,10,R_00002403_10,V_00002304_03,00002403,00002304
pilot:R_00002403_10:V_00002319_03,pilot,impostor,10,R_00002403_10,V_00002319_03,00002403,00002319
pilot:R_00002403_10:V_00002319_10,pilot,impostor,10,R_00002403_10,V_00002319_10,00002403,00002319
pilot:R_00002403_10:V_00002326_03,pilot,impostor,10,R_00002403_10,V_00002326_03,00002403,00002326
pilot:R_00002403_10:V_00002326_10,pilot,impostor,10,R_00002403_10,V_00002326_10,00002403,00002326
pilot:R_00002403_10:V_00002329_01,pilot,impostor,10,R_00002403_10,V_00002329_01,00002403,00002329
pilot:R_00002403_10:V_00002354_03,pilot,impostor,10,R_00002403_10,V_00002354_03,00002403,00002354
pilot:R_00002403_10:V_00002371_07,pilot,impostor,10,R_00002403_10,V_00002371_07,00002403,00002371
pilot:R_00002403_10:V_00002383_03,pilot,impostor,10,R_00002403_10,V_00002383_03,00002403,00002383
pilot:R_00002403_10:V_00002383_10,pilot,impostor,10,R_00002403_10,V_00002383_10,00002403,00002383
pilot:R_00002403_10:V_00002402_03,pilot,impostor,10,R_00002403_10,V_00002402_03,00002403,00002402
pilot:R_00002403_10:V_00002402_10,pilot,impostor,10,R_00002403_10,V_00002402_10,00002403,00002402
pilot:R_00002403_10:V_00002403_03,pilot,impostor,10,R_00002403_10,V_00002403_03,00002403,00002403
pilot:R_00002403_10:V_00002403_10,pilot,genuine,10,R_00002403_10,V_00002403_10,00002403,00002403
pilot:R_00002403_10:V_00002408_03,pilot,impostor,10,R_00002403_10,V_00002408_03,00002403,00002408
pilot:R_00002403_10:V_00002408_10,pilot,impostor,10,R_00002403_10,V_00002408_10,00002403,00002408
pilot:R_00002403_10:V_00002412_03,pilot,impostor,10,R_00002403_10,V_00002412_03,00002403,00002412
pilot:R_00002403_10:V_00002412_10,pilot,impostor,10,R_00002403_10,V_00002412_10,00002403,00002412
pilot:R_00002403_10:V_00002420_03,pilot,impostor,10,R_00002403_10,V_00002420_03,00002403,00002420
pilot:R_00002403_10:V_00002420_10,pilot,impostor,10,R_00002403_10,V_00002420_10,00002403,00002420
pilot:R_00002403_10:V_00002424_03,pilot,impostor,10,R_00002403_10,V_00002424_03,00002403,00002424
pilot:R_00002403_10:V_00002424_10,pilot,impostor,10,R_00002403_10,V_00002424_10,00002403,00002424
pilot:R_00002403_10:V_00002433_10,pilot,impostor,10,R_00002403_10,V_00002433_10,00002403,00002433
pilot:R_00002403_10:V_00002493_06,pilot,impostor,10,R_00002403_10,V_00002493_06,00002403,00002493
pilot:R_00002403_10:V_00002493_10,pilot,impostor,10,R_00002403_10,V_00002493_10,00002403,00002493
pilot:R_00002403_10:V_00002499_01,pilot,impostor,10,R_00002403_10,V_00002499_01,00002403,00002499
pilot:R_00002403_10:V_00002630_10,pilot,impostor,10,R_00002403_10,V_00002630_10,00002403,00002630
pilot:R_00002403_10:V_00002634_07,pilot,impostor,10,R_00002403_10,V_00002634_07,00002403,00002634
pilot:R_00002405_08:V_00002304_03,pilot,impostor,8,R_00002405_08,V_00002304_03,00002405,00002304
pilot:R_00002405_08:V_00002304_10,pilot,impostor,8,R_00002405_08,V_00002304_10,00002405,00002304
pilot:R_00002405_08:V_00002319_03,pilot,impostor,8,R_00002405_08,V_00002319_03,00002405,00002319
pilot:R_00002405_08:V_00002319_10,pilot,impostor,8,R_00002405_08,V_00002319_10,00002405,00002319
pilot:R_00002405_08:V_00002326_03,pilot,impostor,8,R_00002405_08,V_00002326_03,00002405,00002326
pilot:R_00002405_08:V_00002326_10,pilot,impostor,8,R_00002405_08,V_00002326_10,00002405,00002326
pilot:R_00002405_08:V_00002329_01,pilot,impostor,8,R_00002405_08,V_00002329_01,00002405,00002329
pilot:R_00002405_08:V_00002354_03,pilot,impostor,8,R_00002405_08,V_00002354_03,00002405,00002354
pilot:R_00002405_08:V_00002371_07,pilot,impostor,8,R_00002405_08,V_00002371_07,00002405,00002371
pilot:R_00002405_08:V_00002383_03,pilot,impostor,8,R_00002405_08,V_00002383_03,00002405,00002383
pilot:R_00002405_08:V_00002383_10,pilot,impostor,8,R_00002405_08,V_00002383_10,00002405,00002383
pilot:R_00002405_08:V_00002402_03,pilot,impostor,8,R_00002405_08,V_00002402_03,00002405,00002402
pilot:R_00002405_08:V_00002402_10,pilot,impostor,8,R_00002405_08,V_00002402_10,00002405,00002402
pilot:R_00002405_08:V_00002403_03,pilot,impostor,8,R_00002405_08,V_00002403_03,00002405,00002403
pilot:R_00002405_08:V_00002403_10,pilot,impostor,8,R_00002405_08,V_00002403_10,00002405,00002403
pilot:R_00002405_08:V_00002408_03,pilot,impostor,8,R_00002405_08,V_00002408_03,00002405,00002408
pilot:R_00002405_08:V_00002408_10,pilot,impostor,8,R_00002405_08,V_00002408_10,00002405,00002408
pilot:R_00002405_08:V_00002412_03,pilot,impostor,8,R_00002405_08,V_00002412_03,00002405,00002412
pilot:R_00002405_08:V_00002412_10,pilot,impostor,8,R_00002405_08,V_00002412_10,00002405,00002412
pilot:R_00002405_08:V_00002420_03,pilot,impostor,8,R_00002405_08,V_00002420_03,00002405,00002420
pilot:R_00002405_08:V_00002420_10,pilot,impostor,8,R_00002405_08,V_00002420_10,00002405,00002420
pilot:R_00002405_08:V_00002424_03,pilot,impostor,8,R_00002405_08,V_00002424_03,00002405,00002424
pilot:R_00002405_08:V_00002424_10,pilot,impostor,8,R_00002405_08,V_00002424_10,00002405,00002424
pilot:R_00002405_08:V_00002433_10,pilot,impostor,8,R_00002405_08,V_00002433_10,00002405,00002433
pilot:R_00002405_08:V_00002493_06,pilot,impostor,8,R_00002405_08,V_00002493_06,00002405,00002493
pilot:R_00002405_08:V_00002493_10,pilot,impostor,8,R_00002405_08,V_00002493_10,00002405,00002493
pilot:R_00002405_08:V_00002499_01,pilot,impostor,8,R_00002405_08,V_00002499_01,00002405,00002499
pilot:R_00002405_08:V_00002500_05,pilot,impostor,8,R_00002405_08,V_00002500_05,00002405,00002500
pilot:R_00002405_08:V_00002630_10,pilot,impostor,8,R_00002405_08,V_00002630_10,00002405,00002630
pilot:R_00002405_08:V_00002634_07,pilot,impostor,8,R_00002405_08,V_00002634_07,00002405,00002634
pilot:R_00002408_03:V_00002304_03,pilot,impostor,3,R_00002408_03,V_00002304_03,00002408,00002304
pilot:R_00002408_03:V_00002304_10,pilot,impostor,3,R_00002408_03,V_00002304_10,00002408,00002304
pilot:R_00002408_03:V_00002319_03,pilot,impostor,3,R_00002408_03,V_00002319_03,00002408,00002319
pilot:R_00002408_03:V_00002319_10,pilot,impostor,3,R_00002408_03,V_00002319_10,00002408,00002319
pilot:R_00002408_03:V_00002326_03,pilot,impostor,3,R_00002408_03,V_00002326_03,00002408,00002326
pilot:R_00002408_03:V_00002326_10,pilot,impostor,3,R_00002408_03,V_00002326_10,00002408,00002326
pilot:R_00002408_03:V_00002354_03,pilot,impostor,3,R_00002408_03,V_00002354_03,00002408,00002354
pilot:R_00002408_03:V_00002371_07,pilot,impostor,3,R_00002408_03,V_00002371_07,00002408,00002371
pilot:R_00002408_03:V_00002383_03,pilot,impostor,3,R_00002408_03,V_00002383_03,00002408,00002383
pilot:R_00002408_03:V_00002383_10,pilot,impostor,3,R_00002408_03,V_00002383_10,00002408,00002383
pilot:R_00002408_03:V_00002402_03,pilot,impostor,3,R_00002408_03,V_00002402_03,00002408,00002402
pilot:R_00002408_03:V_00002402_10,pilot,impostor,3,R_00002408_03,V_00002402_10,00002408,00002402
pilot:R_00002408_03:V_00002403_03,pilot,impostor,3,R_00002408_03,V_00002403_03,00002408,00002403
pilot:R_00002408_03:V_00002403_10,pilot,impostor,3,R_00002408_03,V_00002403_10,00002408,00002403
pilot:R_00002408_03:V_00002408_03,pilot,genuine,3,R_00002408_03,V_00002408_03,00002408,00002408
pilot:R_00002408_03:V_00002408_10,pilot,impostor,3,R_00002408_03,V_00002408_10,00002408,00002408
pilot:R_00002408_03:V_00002412_03,pilot,impostor,3,R_00002408_03,V_00002412_03,00002408,00002412
pilot:R_00002408_03:V_00002412_10,pilot,impostor,3,R_00002408_03,V_00002412_10,00002408,00002412
pilot:R_00002408_03:V_00002420_03,pilot,impostor,3,R_00002408_03,V_00002420_03,00002408,00002420
pilot:R_00002408_03:V_00002420_10,pilot,impostor,3,R_00002408_03,V_00002420_10,00002408,00002420
pilot:R_00002408_03:V_00002424_03,pilot,impostor,3,R_00002408_03,V_00002424_03,00002408,00002424
pilot:R_00002408_03:V_00002424_10,pilot,impostor,3,R_00002408_03,V_00002424_10,00002408,00002424
pilot:R_00002408_03:V_00002433_10,pilot,impostor,3,R_00002408_03,V_00002433_10,00002408,00002433
pilot:R_00002408_03:V_00002493_06,pilot,impostor,3,R_00002408_03,V_00002493_06,00002408,00002493
pilot:R_00002408_03:V_00002493_10,pilot,impostor,3,R_00002408_03,V_00002493_10,00002408,00002493
pilot:R_00002408_03:V_00002499_01,pilot,impostor,3,R_00002408_03,V_00002499_01,00002408,00002499
pilot:R_00002408_03:V_00002500_05,pilot,impostor,3,R_00002408_03,V_00002500_05,00002408,00002500
pilot:R_00002408_03:V_00002630_10,pilot,impostor,3,R_00002408_03,V_00002630_10,00002408,00002630
pilot:R_00002408_03:V_00002634_07,pilot,impostor,3,R_00002408_03,V_00002634_07,00002408,00002634
pilot:R_00002408_07:V_00002304_03,pilot,impostor,7,R_00002408_07,V_00002304_03,00002408,00002304
pilot:R_00002408_07:V_00002304_10,pilot,impostor,7,R_00002408_07,V_00002304_10,00002408,00002304
pilot:R_00002408_07:V_00002319_03,pilot,impostor,7,R_00002408_07,V_00002319_03,00002408,00002319
pilot:R_00002408_07:V_00002319_10,pilot,impostor,7,R_00002408_07,V_00002319_10,00002408,00002319
pilot:R_00002408_07:V_00002326_03,pilot,impostor,7,R_00002408_07,V_00002326_03,00002408,00002326
pilot:R_00002408_07:V_00002326_10,pilot,impostor,7,R_00002408_07,V_00002326_10,00002408,00002326
pilot:R_00002408_07:V_00002329_01,pilot,impostor,7,R_00002408_07,V_00002329_01,00002408,00002329
pilot:R_00002408_07:V_00002354_03,pilot,impostor,7,R_00002408_07,V_00002354_03,00002408,00002354
pilot:R_00002408_07:V_00002371_07,pilot,impostor,7,R_00002408_07,V_00002371_07,00002408,00002371
pilot:R_00002408_07:V_00002383_03,pilot,impostor,7,R_00002408_07,V_00002383_03,00002408,00002383
pilot:R_00002408_07:V_00002383_10,pilot,impostor,7,R_00002408_07,V_00002383_10,00002408,00002383
pilot:R_00002408_07:V_00002402_03,pilot,impostor,7,R_00002408_07,V_00002402_03,00002408,00002402
pilot:R_00002408_07:V_00002402_10,pilot,impostor,7,R_00002408_07,V_00002402_10,00002408,00002402
pilot:R_00002408_07:V_00002403_03,pilot,impostor,7,R_00002408_07,V_00002403_03,00002408,00002403
pilot:R_00002408_07:V_00002403_10,pilot,impostor,7,R_00002408_07,V_00002403_10,00002408,00002403
pilot:R_00002408_07:V_00002408_10,pilot,impostor,7,R_00002408_07,V_00002408_10,00002408,00002408
pilot:R_00002408_07:V_00002412_03,pilot,impostor,7,R_00002408_07,V_00002412_03,00002408,00002412
pilot:R_00002408_07:V_00002412_10,pilot,impostor,7,R_00002408_07,V_00002412_10,00002408,00002412
pilot:R_00002408_07:V_00002420_03,pilot,impostor,7,R_00002408_07,V_00002420_03,00002408,00002420
pilot:R_00002408_07:V_00002420_10,pilot,impostor,7,R_00002408_07,V_00002420_10,00002408,00002420
pilot:R_00002408_07:V_00002424_03,pilot,impostor,7,R_00002408_07,V_00002424_03,00002408,00002424
pilot:R_00002408_07:V_00002424_10,pilot,impostor,7,R_00002408_07,V_00002424_10,00002408,00002424
pilot:R_00002408_07:V_00002433_10,pilot,impostor,7,R_00002408_07,V_00002433_10,00002408,00002433
pilot:R_00002408_07:V_00002493_06,pilot,impostor,7,R_00002408_07,V_00002493_06,00002408,00002493
pilot:R_00002408_07:V_00002499_01,pilot,impostor,7,R_00002408_07,V_00002499_01,00002408,00002499
pilot:R_00002408_07:V_00002500_05,pilot,impostor,7,R_00002408_07,V_00002500_05,00002408,00002500
pilot:R_00002408_07:V_00002630_10,pilot,impostor,7,R_00002408_07,V_00002630_10,00002408,00002630
pilot:R_00002408_07:V_00002634_07,pilot,impostor,7,R_00002408_07,V_00002634_07,00002408,00002634
pilot:R_00002408_10:V_00002304_10,pilot,impostor,10,R_00002408_10,V_00002304_10,00002408,00002304
pilot:R_00002408_10:V_00002319_03,pilot,impostor,10,R_00002408_10,V_00002319_03,00002408,00002319
pilot:R_00002408_10:V_00002326_10,pilot,impostor,10,R_00002408_10,V_00002326_10,00002408,00002326
pilot:R_00002408_10:V_00002329_01,pilot,impostor,10,R_00002408_10,V_00002329_01,00002408,00002329
pilot:R_00002408_10:V_00002354_03,pilot,impostor,10,R_00002408_10,V_00002354_03,00002408,00002354
pilot:R_00002408_10:V_00002371_07,pilot,impostor,10,R_00002408_10,V_00002371_07,00002408,00002371
pilot:R_00002408_10:V_00002383_03,pilot,impostor,10,R_00002408_10,V_00002383_03,00002408,00002383
pilot:R_00002408_10:V_00002383_10,pilot,impostor,10,R_00002408_10,V_00002383_10,00002408,00002383
pilot:R_00002408_10:V_00002402_03,pilot,impostor,10,R_00002408_10,V_00002402_03,00002408,00002402
pilot:R_00002408_10:V_00002402_10,pilot,impostor,10,R_00002408_10,V_00002402_10,00002408,00002402
pilot:R_00002408_10:V_00002403_03,pilot,impostor,10,R_00002408_10,V_00002403_03,00002408,00002403
pilot:R_00002408_10:V_00002403_10,pilot,impostor,10,R_00002408_10,V_00002403_10,00002408,00002403
pilot:R_00002408_10:V_00002408_03,pilot,impostor,10,R_00002408_10,V_00002408_03,00002408,00002408
pilot:R_00002408_10:V_00002408_10,pilot,genuine,10,R_00002408_10,V_00002408_10,00002408,00002408
pilot:R_00002408_10:V_00002412_03,pilot,impostor,10,R_00002408_10,V_00002412_03,00002408,00002412
pilot:R_00002408_10:V_00002412_10,pilot,impostor,10,R_00002408_10,V_00002412_10,00002408,00002412
pilot:R_00002408_10:V_00002420_03,pilot,impostor,10,R_00002408_10,V_00002420_03,00002408,00002420
pilot:R_00002408_10:V_00002420_10,pilot,impostor,10,R_00002408_10,V_00002420_10,00002408,00002420
pilot:R_00002408_10:V_00002424_03,pilot,impostor,10,R_00002408_10,V_00002424_03,00002408,00002424
pilot:R_00002408_10:V_00002424_10,pilot,impostor,10,R_00002408_10,V_00002424_10,00002408,00002424
pilot:R_00002408_10:V_00002433_10,pilot,impostor,10,R_00002408_10,V_00002433_10,00002408,00002433
pilot:R_00002408_10:V_00002493_06,pilot,impostor,10,R_00002408_10,V_00002493_06,00002408,00002493
pilot:R_00002408_10:V_00002493_10,pilot,impostor,10,R_00002408_10,V_00002493_10,00002408,00002493
pilot:R_00002408_10:V_00002499_01,pilot,impostor,10,R_00002408_10,V_00002499_01,00002408,00002499
pilot:R_00002408_10:V_00002500_05,pilot,impostor,10,R_00002408_10,V_00002500_05,00002408,00002500
pilot:R_00002408_10:V_00002630_10,pilot,impostor,10,R_00002408_10,V_00002630_10,00002408,00002630
pilot:R_00002408_10:V_00002634_07,pilot,impostor,10,R_00002408_10,V_00002634_07,00002408,00002634
pilot:R_00002412_03:V_00002304_03,pilot,impostor,3,R_00002412_03,V_00002304_03,00002412,00002304
pilot:R_00002412_03:V_00002304_10,pilot,impostor,3,R_00002412_03,V_00002304_10,00002412,00002304
pilot:R_00002412_03:V_00002319_03,pilot,impostor,3,R_00002412_03,V_00002319_03,00002412,00002319
pilot:R_00002412_03:V_00002319_10,pilot,impostor,3,R_00002412_03,V_00002319_10,00002412,00002319
pilot:R_00002412_03:V_00002326_03,pilot,impostor,3,R_00002412_03,V_00002326_03,00002412,00002326
pilot:R_00002412_03:V_00002326_10,pilot,impostor,3,R_00002412_03,V_00002326_10,00002412,00002326
pilot:R_00002412_03:V_00002329_01,pilot,impostor,3,R_00002412_03,V_00002329_01,00002412,00002329
pilot:R_00002412_03:V_00002354_03,pilot,impostor,3,R_00002412_03,V_00002354_03,00002412,00002354
pilot:R_00002412_03:V_00002371_07,pilot,impostor,3,R_00002412_03,V_00002371_07,00002412,00002371
pilot:R_00002412_03:V_00002383_03,pilot,impostor,3,R_00002412_03,V_00002383_03,00002412,00002383
pilot:R_00002412_03:V_00002402_03,pilot,impostor,3,R_00002412_03,V_00002402_03,00002412,00002402
pilot:R_00002412_03:V_00002402_10,pilot,impostor,3,R_00002412_03,V_00002402_10,00002412,00002402
pilot:R_00002412_03:V_00002403_03,pilot,impostor,3,R_00002412_03,V_00002403_03,00002412,00002403
pilot:R_00002412_03:V_00002403_10,pilot,impostor,3,R_00002412_03,V_00002403_10,00002412,00002403
pilot:R_00002412_03:V_00002408_03,pilot,impostor,3,R_00002412_03,V_00002408_03,00002412,00002408
pilot:R_00002412_03:V_00002408_10,pilot,impostor,3,R_00002412_03,V_00002408_10,00002412,00002408
pilot:R_00002412_03:V_00002412_03,pilot,genuine,3,R_00002412_03,V_00002412_03,00002412,00002412
pilot:R_00002412_03:V_00002412_10,pilot,impostor,3,R_00002412_03,V_00002412_10,00002412,00002412
pilot:R_00002412_03:V_00002420_10,pilot,impostor,3,R_00002412_03,V_00002420_10,00002412,00002420
pilot:R_00002412_03:V_00002424_03,pilot,impostor,3,R_00002412_03,V_00002424_03,00002412,00002424
pilot:R_00002412_03:V_00002424_10,pilot,impostor,3,R_00002412_03,V_00002424_10,00002412,00002424
pilot:R_00002412_03:V_00002433_10,pilot,impostor,3,R_00002412_03,V_00002433_10,00002412,00002433
pilot:R_00002412_03:V_00002493_06,pilot,impostor,3,R_00002412_03,V_00002493_06,00002412,00002493
pilot:R_00002412_03:V_00002493_10,pilot,impostor,3,R_00002412_03,V_00002493_10,00002412,00002493
pilot:R_00002412_03:V_00002499_01,pilot,impostor,3,R_00002412_03,V_00002499_01,00002412,00002499
pilot:R_00002412_03:V_00002500_05,pilot,impostor,3,R_00002412_03,V_00002500_05,00002412,00002500
pilot:R_00002412_03:V_00002630_10,pilot,impostor,3,R_00002412_03,V_00002630_10,00002412,00002630
pilot:R_00002412_10:V_00002304_03,pilot,impostor,10,R_00002412_10,V_00002304_03,00002412,00002304
pilot:R_00002412_10:V_00002304_10,pilot,impostor,10,R_00002412_10,V_00002304_10,00002412,00002304
pilot:R_00002412_10:V_00002319_03,pilot,impostor,10,R_00002412_10,V_00002319_03,00002412,00002319
pilot:R_00002412_10:V_00002319_10,pilot,impostor,10,R_00002412_10,V_00002319_10,00002412,00002319
pilot:R_00002412_10:V_00002326_03,pilot,impostor,10,R_00002412_10,V_00002326_03,00002412,00002326
pilot:R_00002412_10:V_00002326_10,pilot,impostor,10,R_00002412_10,V_00002326_10,00002412,00002326
pilot:R_00002412_10:V_00002329_01,pilot,impostor,10,R_00002412_10,V_00002329_01,00002412,00002329
pilot:R_00002412_10:V_00002354_03,pilot,impostor,10,R_00002412_10,V_00002354_03,00002412,00002354
pilot:R_00002412_10:V_00002371_07,pilot,impostor,10,R_00002412_10,V_00002371_07,00002412,00002371
pilot:R_00002412_10:V_00002383_03,pilot,impostor,10,R_00002412_10,V_00002383_03,00002412,00002383
pilot:R_00002412_10:V_00002383_10,pilot,impostor,10,R_00002412_10,V_00002383_10,00002412,00002383
pilot:R_00002412_10:V_00002402_03,pilot,impostor,10,R_00002412_10,V_00002402_03,00002412,00002402
pilot:R_00002412_10:V_00002402_10,pilot,impostor,10,R_00002412_10,V_00002402_10,00002412,00002402
pilot:R_00002412_10:V_00002403_03,pilot,impostor,10,R_00002412_10,V_00002403_03,00002412,00002403
pilot:R_00002412_10:V_00002403_10,pilot,impostor,10,R_00002412_10,V_00002403_10,00002412,00002403
pilot:R_00002412_10:V_00002408_03,pilot,impostor,10,R_00002412_10,V_00002408_03,00002412,00002408
pilot:R_00002412_10:V_00002408_10,pilot,impostor,10,R_00002412_10,V_00002408_10,00002412,00002408
pilot:R_00002412_10:V_00002412_03,pilot,impostor,10,R_00002412_10,V_00002412_03,00002412,00002412
pilot:R_00002412_10:V_00002412_10,pilot,genuine,10,R_00002412_10,V_00002412_10,00002412,00002412
pilot:R_00002412_10:V_00002420_03,pilot,impostor,10,R_00002412_10,V_00002420_03,00002412,00002420
pilot:R_00002412_10:V_00002420_10,pilot,impostor,10,R_00002412_10,V_00002420_10,00002412,00002420
pilot:R_00002412_10:V_00002424_03,pilot,impostor,10,R_00002412_10,V_00002424_03,00002412,00002424
pilot:R_00002412_10:V_00002424_10,pilot,impostor,10,R_00002412_10,V_00002424_10,00002412,00002424
pilot:R_00002412_10:V_00002433_10,pilot,impostor,10,R_00002412_10,V_00002433_10,00002412,00002433
pilot:R_00002412_10:V_00002493_06,pilot,impostor,10,R_00002412_10,V_00002493_06,00002412,00002493
pilot:R_00002412_10:V_00002493_10,pilot,impostor,10,R_00002412_10,V_00002493_10,00002412,00002493
pilot:R_00002412_10:V_00002499_01,pilot,impostor,10,R_00002412_10,V_00002499_01,00002412,00002499
pilot:R_00002412_10:V_00002500_05,pilot,impostor,10,R_00002412_10,V_00002500_05,00002412,00002500
pilot:R_00002412_10:V_00002630_10,pilot,impostor,10,R_00002412_10,V_00002630_10,00002412,00002630
pilot:R_00002412_10:V_00002634_07,pilot,impostor,10,R_00002412_10,V_00002634_07,00002412,00002634
pilot:R_00002420_03:V_00002304_03,pilot,impostor,3,R_00002420_03,V_00002304_03,00002420,00002304
pilot:R_00002420_03:V_00002304_10,pilot,impostor,3,R_00002420_03,V_00002304_10,00002420,00002304
pilot:R_00002420_03:V_00002319_03,pilot,impostor,3,R_00002420_03,V_00002319_03,00002420,00002319
pilot:R_00002420_03:V_00002319_10,pilot,impostor,3,R_00002420_03,V_00002319_10,00002420,00002319
pilot:R_00002420_03:V_00002326_03,pilot,impostor,3,R_00002420_03,V_00002326_03,00002420,00002326
pilot:R_00002420_03:V_00002326_10,pilot,impostor,3,R_00002420_03,V_00002326_10,00002420,00002326
pilot:R_00002420_03:V_00002329_01,pilot,impostor,3,R_00002420_03,V_00002329_01,00002420,00002329
pilot:R_00002420_03:V_00002354_03,pilot,impostor,3,R_00002420_03,V_00002354_03,00002420,00002354
pilot:R_00002420_03:V_00002371_07,pilot,impostor,3,R_00002420_03,V_00002371_07,00002420,00002371
pilot:R_00002420_03:V_00002383_03,pilot,impostor,3,R_00002420_03,V_00002383_03,00002420,00002383
pilot:R_00002420_03:V_00002383_10,pilot,impostor,3,R_00002420_03,V_00002383_10,00002420,00002383
pilot:R_00002420_03:V_00002402_03,pilot,impostor,3,R_00002420_03,V_00002402_03,00002420,00002402
pilot:R_00002420_03:V_00002402_10,pilot,impostor,3,R_00002420_03,V_00002402_10,00002420,00002402
pilot:R_00002420_03:V_00002403_03,pilot,impostor,3,R_00002420_03,V_00002403_03,00002420,00002403
pilot:R_00002420_03:V_00002403_10,pilot,impostor,3,R_00002420_03,V_00002403_10,00002420,00002403
pilot:R_00002420_03:V_00002408_03,pilot,impostor,3,R_00002420_03,V_00002408_03,00002420,00002408
pilot:R_00002420_03:V_00002408_10,pilot,impostor,3,R_00002420_03,V_00002408_10,00002420,00002408
pilot:R_00002420_03:V_00002412_03,pilot,impostor,3,R_00002420_03,V_00002412_03,00002420,00002412
pilot:R_00002420_03:V_00002412_10,pilot,impostor,3,R_00002420_03,V_00002412_10,00002420,00002412
pilot:R_00002420_03:V_00002420_03,pilot,genuine,3,R_00002420_03,V_00002420_03,00002420,00002420
pilot:R_00002420_03:V_00002420_10,pilot,impostor,3,R_00002420_03,V_00002420_10,00002420,00002420
pilot:R_00002420_03:V_00002424_03,pilot,impostor,3,R_00002420_03,V_00002424_03,00002420,00002424
pilot:R_00002420_03:V_00002424_10,pilot,impostor,3,R_00002420_03,V_00002424_10,00002420,00002424
pilot:R_00002420_03:V_00002433_10,pilot,impostor,3,R_00002420_03,V_00002433_10,00002420,00002433
pilot:R_00002420_03:V_00002493_06,pilot,impostor,3,R_00002420_03,V_00002493_06,00002420,00002493
pilot:R_00002420_03:V_00002499_01,pilot,impostor,3,R_00002420_03,V_00002499_01,00002420,00002499
pilot:R_00002420_03:V_00002500_05,pilot,impostor,3,R_00002420_03,V_00002500_05,00002420,00002500
pilot:R_00002420_03:V_00002630_10,pilot,impostor,3,R_00002420_03,V_00002630_10,00002420,00002630
pilot:R_00002420_03:V_00002634_07,pilot,impostor,3,R_00002420_03,V_00002634_07,00002420,00002634
pilot:R_00002420_10:V_00002304_03,pilot,impostor,10,R_00002420_10,V_00002304_03,00002420,00002304
pilot:R_00002420_10:V_00002304_10,pilot,impostor,10,R_00002420_10,V_00002304_10,00002420,00002304
pilot:R_00002420_10:V_00002319_03,pilot,impostor,10,R_00002420_10,V_00002319_03,00002420,00002319
pilot:R_00002420_10:V_00002326_03,pilot,impostor,10,R_00002420_10,V_00002326_03,00002420,00002326
pilot:R_00002420_10:V_00002326_10,pilot,impostor,10,R_00002420_10,V_00002326_10,00002420,00002326
pilot:R_00002420_10:V_00002329_01,pilot,impostor,10,R_00002420_10,V_00002329_01,00002420,00002329
pilot:R_00002420_10:V_00002354_03,pilot,impostor,10,R_00002420_10,V_00002354_03,00002420,00002354
pilot:R_00002420_10:V_00002371_07,pilot,impostor,10,R_00002420_10,V_00002371_07,00002420,00002371
pilot:R_00002420_10:V_00002383_03,pilot,impostor,10,R_00002420_10,V_00002383_03,00002420,00002383
pilot:R_00002420_10:V_00002383_10,pilot,impostor,10,R_00002420_10,V_00002383_10,00002420,00002383
pilot:R_00002420_10:V_00002402_03,pilot,impostor,10,R_00002420_10,V_00002402_03,00002420,00002402
pilot:R_00002420_10:V_00002403_03,pilot,impostor,10,R_00002420_10,V_00002403_03,00002420,00002403
pilot:R_00002420_10:V_00002403_10,pilot,impostor,10,R_00002420_10,V_00002403_10,00002420,00002403
pilot:R_00002420_10:V_00002408_03,pilot,impostor,10,R_00002420_10,V_00002408_03,00002420,00002408
pilot:R_00002420_10:V_00002408_10,pilot,impostor,10,R_00002420_10,V_00002408_10,00002420,00002408
pilot:R_00002420_10:V_00002412_03,pilot,impostor,10,R_00002420_10,V_00002412_03,00002420,00002412
pilot:R_00002420_10:V_00002412_10,pilot,impostor,10,R_00002420_10,V_00002412_10,00002420,00002412
pilot:R_00002420_10:V_00002420_03,pilot,impostor,10,R_00002420_10,V_00002420_03,00002420,00002420
pilot:R_00002420_10:V_00002420_10,pilot,genuine,10,R_00002420_10,V_00002420_10,00002420,00002420
pilot:R_00002420_10:V_00002424_03,pilot,impostor,10,R_00002420_10,V_00002424_03,00002420,00002424
pilot:R_00002420_10:V_00002424_10,pilot,impostor,10,R_00002420_10,V_00002424_10,00002420,00002424
pilot:R_00002420_10:V_00002433_10,pilot,impostor,10,R_00002420_10,V_00002433_10,00002420,00002433
pilot:R_00002420_10:V_00002493_06,pilot,impostor,10,R_00002420_10,V_00002493_06,00002420,00002493
pilot:R_00002420_10:V_00002493_10,pilot,impostor,10,R_00002420_10,V_00002493_10,00002420,00002493
pilot:R_00002420_10:V_00002499_01,pilot,impostor,10,R_00002420_10,V_00002499_01,00002420,00002499
pilot:R_00002420_10:V_00002500_05,pilot,impostor,10,R_00002420_10,V_00002500_05,00002420,00002500
pilot:R_00002420_10:V_00002630_10,pilot,impostor,10,R_00002420_10,V_00002630_10,00002420,00002630
pilot:R_00002420_10:V_00002634_07,pilot,impostor,10,R_00002420_10,V_00002634_07,00002420,00002634
pilot:R_00002424_03:V_00002304_03,pilot,impostor,3,R_00002424_03,V_00002304_03,00002424,00002304
pilot:R_00002424_03:V_00002304_10,pilot,impostor,3,R_00002424_03,V_00002304_10,00002424,00002304
pilot:R_00002424_03:V_00002319_03,pilot,impostor,3,R_00002424_03,V_00002319_03,00002424,00002319
pilot:R_00002424_03:V_00002319_10,pilot,impostor,3,R_00002424_03,V_00002319_10,00002424,00002319
pilot:R_00002424_03:V_00002326_03,pilot,impostor,3,R_00002424_03,V_00002326_03,00002424,00002326
pilot:R_00002424_03:V_00002326_10,pilot,impostor,3,R_00002424_03,V_00002326_10,00002424,00002326
pilot:R_00002424_03:V_00002329_01,pilot,impostor,3,R_00002424_03,V_00002329_01,00002424,00002329
pilot:R_00002424_03:V_00002354_03,pilot,impostor,3,R_00002424_03,V_00002354_03,00002424,00002354
pilot:R_00002424_03:V_00002371_07,pilot,impostor,3,R_00002424_03,V_00002371_07,00002424,00002371
pilot:R_00002424_03:V_00002383_03,pilot,impostor,3,R_00002424_03,V_00002383_03,00002424,00002383
pilot:R_00002424_03:V_00002383_10,pilot,impostor,3,R_00002424_03,V_00002383_10,00002424,00002383
pilot:R_00002424_03:V_00002402_03,pilot,impostor,3,R_00002424_03,V_00002402_03,00002424,00002402
pilot:R_00002424_03:V_00002402_10,pilot,impostor,3,R_00002424_03,V_00002402_10,00002424,00002402
pilot:R_00002424_03:V_00002403_03,pilot,impostor,3,R_00002424_03,V_00002403_03,00002424,00002403
pilot:R_00002424_03:V_00002403_10,pilot,impostor,3,R_00002424_03,V_00002403_10,00002424,00002403
pilot:R_00002424_03:V_00002408_03,pilot,impostor,3,R_00002424_03,V_00002408_03,00002424,00002408
pilot:R_00002424_03:V_00002408_10,pilot,impostor,3,R_00002424_03,V_00002408_10,00002424,00002408
pilot:R_00002424_03:V_00002412_03,pilot,impostor,3,R_00002424_03,V_00002412_03,00002424,00002412
pilot:R_00002424_03:V_00002412_10,pilot,impostor,3,R_00002424_03,V_00002412_10,00002424,00002412
pilot:R_00002424_03:V_00002420_03,pilot,impostor,3,R_00002424_03,V_00002420_03,00002424,00002420
pilot:R_00002424_03:V_00002420_10,pilot,impostor,3,R_00002424_03,V_00002420_10,00002424,00002420
pilot:R_00002424_03:V_00002424_03,pilot,genuine,3,R_00002424_03,V_00002424_03,00002424,00002424
pilot:R_00002424_03:V_00002424_10,pilot,impostor,3,R_00002424_03,V_00002424_10,00002424,00002424
pilot:R_00002424_03:V_00002433_10,pilot,impostor,3,R_00002424_03,V_00002433_10,00002424,00002433
pilot:R_00002424_03:V_00002493_06,pilot,impostor,3,R_00002424_03,V_00002493_06,00002424,00002493
pilot:R_00002424_03:V_00002499_01,pilot,impostor,3,R_00002424_03,V_00002499_01,00002424,00002499
pilot:R_00002424_03:V_00002500_05,pilot,impostor,3,R_00002424_03,V_00002500_05,00002424,00002500
pilot:R_00002424_03:V_00002630_10,pilot,impostor,3,R_00002424_03,V_00002630_10,00002424,00002630
pilot:R_00002424_03:V_00002634_07,pilot,impostor,3,R_00002424_03,V_00002634_07,00002424,00002634
pilot:R_00002424_10:V_00002304_03,pilot,impostor,10,R_00002424_10,V_00002304_03,00002424,00002304
pilot:R_00002424_10:V_00002304_10,pilot,impostor,10,R_00002424_10,V_00002304_10,00002424,00002304
pilot:R_00002424_10:V_00002319_03,pilot,impostor,10,R_00002424_10,V_00002319_03,00002424,00002319
pilot:R_00002424_10:V_00002319_10,pilot,impostor,10,R_00002424_10,V_00002319_10,00002424,00002319
pilot:R_00002424_10:V_00002326_03,pilot,impostor,10,R_00002424_10,V_00002326_03,00002424,00002326
pilot:R_00002424_10:V_00002329_01,pilot,impostor,10,R_00002424_10,V_00002329_01,00002424,00002329
pilot:R_00002424_10:V_00002354_03,pilot,impostor,10,R_00002424_10,V_00002354_03,00002424,00002354
pilot:R_00002424_10:V_00002371_07,pilot,impostor,10,R_00002424_10,V_00002371_07,00002424,00002371
pilot:R_00002424_10:V_00002383_03,pilot,impostor,10,R_00002424_10,V_00002383_03,00002424,00002383
pilot:R_00002424_10:V_00002383_10,pilot,impostor,10,R_00002424_10,V_00002383_10,00002424,00002383
pilot:R_00002424_10:V_00002402_03,pilot,impostor,10,R_00002424_10,V_00002402_03,00002424,00002402
pilot:R_00002424_10:V_00002402_10,pilot,impostor,10,R_00002424_10,V_00002402_10,00002424,00002402
pilot:R_00002424_10:V_00002403_03,pilot,impostor,10,R_00002424_10,V_00002403_03,00002424,00002403
pilot:R_00002424_10:V_00002403_10,pilot,impostor,10,R_00002424_10,V_00002403_10,00002424,00002403
pilot:R_00002424_10:V_00002408_03,pilot,impostor,10,R_00002424_10,V_00002408_03,00002424,00002408
pilot:R_00002424_10:V_00002408_10,pilot,impostor,10,R_00002424_10,V_00002408_10,00002424,00002408
pilot:R_00002424_10:V_00002412_03,pilot,impostor,10,R_00002424_10,V_00002412_03,00002424,00002412
pilot:R_00002424_10:V_00002412_10,pilot,impostor,10,R_00002424_10,V_00002412_10,00002424,00002412
pilot:R_00002424_10:V_00002420_03,pilot,impostor,10,R_00002424_10,V_00002420_03,00002424,00002420
pilot:R_00002424_10:V_00002424_03,pilot,impostor,10,R_00002424_10,V_00002424_03,00002424,00002424
pilot:R_00002424_10:V_00002424_10,pilot,genuine,10,R_00002424_10,V_00002424_10,00002424,00002424
pilot:R_00002424_10:V_00002433_10,pilot,impostor,10,R_00002424_10,V_00002433_10,00002424,00002433
pilot:R_00002424_10:V_00002493_10,pilot,impostor,10,R_00002424_10,V_00002493_10,00002424,00002493
pilot:R_00002424_10:V_00002499_01,pilot,impostor,10,R_00002424_10,V_00002499_01,00002424,00002499
pilot:R_00002424_10:V_00002500_05,pilot,impostor,10,R_00002424_10,V_00002500_05,00002424,00002500
pilot:R_00002424_10:V_00002630_10,pilot,impostor,10,R_00002424_10,V_00002630_10,00002424,00002630
pilot:R_00002424_10:V_00002634_07,pilot,impostor,10,R_00002424_10,V_00002634_07,00002424,00002634
pilot:R_00002426_01:V_00002304_03,pilot,impostor,1,R_00002426_01,V_00002304_03,00002426,00002304
pilot:R_00002426_01:V_00002304_10,pilot,impostor,1,R_00002426_01,V_00002304_10,00002426,00002304
pilot:R_00002426_01:V_00002319_03,pilot,impostor,1,R_00002426_01,V_00002319_03,00002426,00002319
pilot:R_00002426_01:V_00002319_10,pilot,impostor,1,R_00002426_01,V_00002319_10,00002426,00002319
pilot:R_00002426_01:V_00002326_03,pilot,impostor,1,R_00002426_01,V_00002326_03,00002426,00002326
pilot:R_00002426_01:V_00002326_10,pilot,impostor,1,R_00002426_01,V_00002326_10,00002426,00002326
pilot:R_00002426_01:V_00002329_01,pilot,impostor,1,R_00002426_01,V_00002329_01,00002426,00002329
pilot:R_00002426_01:V_00002354_03,pilot,impostor,1,R_00002426_01,V_00002354_03,00002426,00002354
pilot:R_00002426_01:V_00002371_07,pilot,impostor,1,R_00002426_01,V_00002371_07,00002426,00002371
pilot:R_00002426_01:V_00002383_03,pilot,impostor,1,R_00002426_01,V_00002383_03,00002426,00002383
pilot:R_00002426_01:V_00002383_10,pilot,impostor,1,R_00002426_01,V_00002383_10,00002426,00002383
pilot:R_00002426_01:V_00002402_03,pilot,impostor,1,R_00002426_01,V_00002402_03,00002426,00002402
pilot:R_00002426_01:V_00002403_03,pilot,impostor,1,R_00002426_01,V_00002403_03,00002426,00002403
pilot:R_00002426_01:V_00002403_10,pilot,impostor,1,R_00002426_01,V_00002403_10,00002426,00002403
pilot:R_00002426_01:V_00002408_03,pilot,impostor,1,R_00002426_01,V_00002408_03,00002426,00002408
pilot:R_00002426_01:V_00002408_10,pilot,impostor,1,R_00002426_01,V_00002408_10,00002426,00002408
pilot:R_00002426_01:V_00002412_03,pilot,impostor,1,R_00002426_01,V_00002412_03,00002426,00002412
pilot:R_00002426_01:V_00002412_10,pilot,impostor,1,R_00002426_01,V_00002412_10,00002426,00002412
pilot:R_00002426_01:V_00002420_03,pilot,impostor,1,R_00002426_01,V_00002420_03,00002426,00002420
pilot:R_00002426_01:V_00002420_10,pilot,impostor,1,R_00002426_01,V_00002420_10,00002426,00002420
pilot:R_00002426_01:V_00002424_03,pilot,impostor,1,R_00002426_01,V_00002424_03,00002426,00002424
pilot:R_00002426_01:V_00002424_10,pilot,impostor,1,R_00002426_01,V_00002424_10,00002426,00002424
pilot:R_00002426_01:V_00002493_06,pilot,impostor,1,R_00002426_01,V_00002493_06,00002426,00002493
pilot:R_00002426_01:V_00002493_10,pilot,impostor,1,R_00002426_01,V_00002493_10,00002426,00002493
pilot:R_00002426_01:V_00002499_01,pilot,impostor,1,R_00002426_01,V_00002499_01,00002426,00002499
pilot:R_00002426_01:V_00002500_05,pilot,impostor,1,R_00002426_01,V_00002500_05,00002426,00002500
pilot:R_00002426_01:V_00002630_10,pilot,impostor,1,R_00002426_01,V_00002630_10,00002426,00002630
pilot:R_00002426_01:V_00002634_07,pilot,impostor,1,R_00002426_01,V_00002634_07,00002426,00002634
pilot:U_00002304_03:V_00002304_03,pilot,genuine,3,U_00002304_03,V_00002304_03,00002304,00002304
pilot:U_00002304_03:V_00002304_10,pilot,impostor,3,U_00002304_03,V_00002304_10,00002304,00002304
pilot:U_00002304_03:V_00002319_03,pilot,impostor,3,U_00002304_03,V_00002319_03,00002304,00002319
pilot:U_00002304_03:V_00002319_10,pilot,impostor,3,U_00002304_03,V_00002319_10,00002304,00002319
pilot:U_00002304_03:V_00002326_03,pilot,impostor,3,U_00002304_03,V_00002326_03,00002304,00002326
pilot:U_00002304_03:V_00002326_10,pilot,impostor,3,U_00002304_03,V_00002326_10,00002304,00002326
pilot:U_00002304_03:V_00002354_03,pilot,impostor,3,U_00002304_03,V_00002354_03,00002304,00002354
pilot:U_00002304_03:V_00002371_07,pilot,impostor,3,U_00002304_03,V_00002371_07,00002304,00002371
pilot:U_00002304_03:V_00002383_03,pilot,impostor,3,U_00002304_03,V_00002383_03,00002304,00002383
pilot:U_00002304_03:V_00002383_10,pilot,impostor,3,U_00002304_03,V_00002383_10,00002304,00002383
pilot:U_00002304_03:V_00002402_03,pilot,impostor,3,U_00002304_03,V_00002402_03,00002304,00002402
pilot:U_00002304_03:V_00002402_10,pilot,impostor,3,U_00002304_03,V_00002402_10,00002304,00002402
pilot:U_00002304_03:V_00002403_03,pilot,impostor,3,U_00002304_03,V_00002403_03,00002304,00002403
pilot:U_00002304_03:V_00002408_03,pilot,impostor,3,U_00002304_03,V_00002408_03,00002304,00002408
pilot:U_00002304_03:V_00002408_10,pilot,impostor,3,U_00002304_03,V_00002408_10,00002304,00002408
pilot:U_00002304_03:V_00002412_03,pilot,impostor,3,U_00002304_03,V_00002412_03,00002304,00002412
pilot:U_00002304_03:V_00002412_10,pilot,impostor,3,U_00002304_03,V_00002412_10,00002304,00002412
pilot:U_00002304_03:V_00002420_03,pilot,impostor,3,U_00002304_03,V_00002420_03,00002304,00002420
pilot:U_00002304_03:V_00002420_10,pilot,impostor,3,U_00002304_03,V_00002420_10,00002304,00002420
pilot:U_00002304_03:V_00002424_03,pilot,impostor,3,U_00002304_03,V_00002424_03,00002304,00002424
pilot:U_00002304_03:V_00002424_10,pilot,impostor,3,U_00002304_03,V_00002424_10,00002304,00002424
pilot:U_00002304_03:V_00002433_10,pilot,impostor,3,U_00002304_03,V_00002433_10,00002304,00002433
pilot:U_00002304_03:V_00002493_06,pilot,impostor,3,U_00002304_03,V_00002493_06,00002304,00002493
pilot:U_00002304_03:V_00002493_10,pilot,impostor,3,U_00002304_03,V_00002493_10,00002304,00002493
pilot:U_00002304_03:V_00002499_01,pilot,impostor,3,U_00002304_03,V_00002499_01,00002304,00002499
pilot:U_00002304_03:V_00002500_05,pilot,impostor,3,U_00002304_03,V_00002500_05,00002304,00002500
pilot:U_00002304_03:V_00002630_10,pilot,impostor,3,U_00002304_03,V_00002630_10,00002304,00002630
pilot:U_00002304_03:V_00002634_07,pilot,impostor,3,U_00002304_03,V_00002634_07,00002304,00002634
pilot:U_00002304_10:V_00002304_03,pilot,impostor,10,U_00002304_10,V_00002304_03,00002304,00002304
pilot:U_00002304_10:V_00002304_10,pilot,genuine,10,U_00002304_10,V_00002304_10,00002304,00002304
pilot:U_00002304_10:V_00002319_03,pilot,impostor,10,U_00002304_10,V_00002319_03,00002304,00002319
pilot:U_00002304_10:V_00002319_10,pilot,impostor,10,U_00002304_10,V_00002319_10,00002304,00002319
pilot:U_00002304_10:V_00002326_03,pilot,impostor,10,U_00002304_10,V_00002326_03,00002304,00002326
pilot:U_00002304_10:V_00002326_10,pilot,impostor,10,U_00002304_10,V_00002326_10,00002304,00002326
pilot:U_00002304_10:V_00002354_03,pilot,impostor,10,U_00002304_10,V_00002354_03,00002304,00002354
pilot:U_00002304_10:V_00002371_07,pilot,impostor,10,U_00002304_10,V_00002371_07,00002304,00002371
pilot:U_00002304_10:V_00002383_03,pilot,impostor,10,U_00002304_10,V_00002383_03,00002304,00002383
pilot:U_00002304_10:V_00002383_10,pilot,impostor,10,U_00002304_10,V_00002383_10,00002304,00002383
pilot:U_00002304_10:V_00002402_03,pilot,impostor,10,U_00002304_10,V_00002402_03,00002304,00002402
pilot:U_00002304_10:V_00002402_10,pilot,impostor,10,U_00002304_10,V_00002402_10,00002304,00002402
pilot:U_00002304_10:V_00002403_03,pilot,impostor,10,U_00002304_10,V_00002403_03,00002304,00002403
pilot:U_00002304_10:V_00002403_10,pilot,impostor,10,U_00002304_10,V_00002403_10,00002304,00002403
pilot:U_00002304_10:V_00002408_03,pilot,impostor,10,U_00002304_10,V_00002408_03,00002304,00002408
pilot:U_00002304_10:V_00002408_10,pilot,impostor,10,U_00002304_10,V_00002408_10,00002304,00002408
pilot:U_00002304_10:V_00002412_03,pilot,impostor,10,U_00002304_10,V_00002412_03,00002304,00002412
pilot:U_00002304_10:V_00002412_10,pilot,impostor,10,U_00002304_10,V_00002412_10,00002304,00002412
pilot:U_00002304_10:V_00002420_03,pilot,impostor,10,U_00002304_10,V_00002420_03,00002304,00002420
pilot:U_00002304_10:V_00002420_10,pilot,impostor,10,U_00002304_10,V_00002420_10,00002304,00002420
pilot:U_00002304_10:V_00002424_03,pilot,impostor,10,U_00002304_10,V_00002424_03,00002304,00002424
pilot:U_00002304_10:V_00002424_10,pilot,impostor,10,U_00002304_10,V_00002424_10,00002304,00002424
pilot:U_00002304_10:V_00002433_10,pilot,impostor,10,U_00002304_10,V_00002433_10,00002304,00002433
pilot:U_00002304_10:V_00002493_06,pilot,impostor,10,U_00002304_10,V_00002493_06,00002304,00002493
pilot:U_00002304_10:V_00002493_10,pilot,impostor,10,U_00002304_10,V_00002493_10,00002304,00002493
pilot:U_00002304_10:V_00002499_01,pilot,impostor,10,U_00002304_10,V_00002499_01,00002304,00002499
pilot:U_00002304_10:V_00002630_10,pilot,impostor,10,U_00002304_10,V_00002630_10,00002304,00002630
pilot:U_00002304_10:V_00002634_07,pilot,impostor,10,U_00002304_10,V_00002634_07,00002304,00002634
pilot:U_00002319_03:V_00002304_03,pilot,impostor,3,U_00002319_03,V_00002304_03,00002319,00002304
pilot:U_00002319_03:V_00002304_10,pilot,impostor,3,U_00002319_03,V_00002304_10,00002319,00002304
pilot:U_00002319_03:V_00002319_03,pilot,genuine,3,U_00002319_03,V_00002319_03,00002319,00002319
pilot:U_00002319_03:V_00002319_10,pilot,impostor,3,U_00002319_03,V_00002319_10,00002319,00002319
pilot:U_00002319_03:V_00002326_03,pilot,impostor,3,U_00002319_03,V_00002326_03,00002319,00002326
pilot:U_00002319_03:V_00002326_10,pilot,impostor,3,U_00002319_03,V_00002326_10,00002319,00002326
pilot:U_00002319_03:V_00002329_01,pilot,impostor,3,U_00002319_03,V_00002329_01,00002319,00002329
pilot:U_00002319_03:V_00002354_03,pilot,impostor,3,U_00002319_03,V_00002354_03,00002319,00002354
pilot:U_00002319_03:V_00002371_07,pilot,impostor,3,U_00002319_03,V_00002371_07,00002319,00002371
pilot:U_00002319_03:V_00002383_10,pilot,impostor,3,U_00002319_03,V_00002383_10,00002319,00002383
pilot:U_00002319_03:V_00002402_10,pilot,impostor,3,U_00002319_03,V_00002402_10,00002319,00002402
pilot:U_00002319_03:V_00002403_03,pilot,impostor,3,U_00002319_03,V_00002403_03,00002319,00002403
pilot:U_00002319_03:V_00002403_10,pilot,impostor,3,U_00002319_03,V_00002403_10,00002319,00002403
pilot:U_00002319_03:V_00002408_03,pilot,impostor,3,U_00002319_03,V_00002408_03,00002319,00002408
pilot:U_00002319_03:V_00002408_10,pilot,impostor,3,U_00002319_03,V_00002408_10,00002319,00002408
pilot:U_00002319_03:V_00002412_03,pilot,impostor,3,U_00002319_03,V_00002412_03,00002319,00002412
pilot:U_00002319_03:V_00002412_10,pilot,impostor,3,U_00002319_03,V_00002412_10,00002319,00002412
pilot:U_00002319_03:V_00002420_03,pilot,impostor,3,U_00002319_03,V_00002420_03,00002319,00002420
pilot:U_00002319_03:V_00002420_10,pilot,impostor,3,U_00002319_03,V_00002420_10,00002319,00002420
pilot:U_00002319_03:V_00002424_03,pilot,impostor,3,U_00002319_03,V_00002424_03,00002319,00002424
pilot:U_00002319_03:V_00002424_10,pilot,impostor,3,U_00002319_03,V_00002424_10,00002319,00002424
pilot:U_00002319_03:V_00002433_10,pilot,impostor,3,U_00002319_03,V_00002433_10,00002319,00002433
pilot:U_00002319_03:V_00002493_06,pilot,impostor,3,U_00002319_03,V_00002493_06,00002319,00002493
pilot:U_00002319_03:V_00002493_10,pilot,impostor,3,U_00002319_03,V_00002493_10,00002319,00002493
pilot:U_00002319_03:V_00002499_01,pilot,impostor,3,U_00002319_03,V_00002499_01,00002319,00002499
pilot:U_00002319_03:V_00002630_10,pilot,impostor,3,U_00002319_03,V_00002630_10,00002319,00002630
pilot:U_00002319_03:V_00002634_07,pilot,impostor,3,U_00002319_03,V_00002634_07,00002319,00002634
pilot:U_00002319_10:V_00002304_03,pilot,impostor,10,U_00002319_10,V_00002304_03,00002319,00002304
pilot:U_00002319_10:V_00002304_10,pilot,impostor,10,U_00002319_10,V_00002304_10,00002319,00002304
pilot:U_00002319_10:V_00002319_03,pilot,impostor,10,U_00002319_10,V_00002319_03,00002319,00002319
pilot:U_00002319_10:V_00002319_10,pilot,genuine,10,U_00002319_10,V_00002319_10,00002319,00002319
pilot:U_00002319_10:V_00002326_03,pilot,impostor,10,U_00002319_10,V_00002326_03,00002319,00002326
pilot:U_00002319_10:V_00002326_10,pilot,impostor,10,U_00002319_10,V_00002326_10,00002319,00002326
pilot:U_00002319_10:V_00002329_01,pilot,impostor,10,U_00002319_10,V_00002329_01,00002319,00002329
pilot:U_00002319_10:V_00002354_03,pilot,impostor,10,U_00002319_10,V_00002354_03,00002319,00002354
pilot:U_00002319_10:V_00002371_07,pilot,impostor,10,U_00002319_10,V_00002371_07,00002319,00002371
pilot:U_00002319_10:V_00002383_03,pilot,impostor,10,U_00002319_10,V_00002383_03,00002319,00002383
pilot:U_00002319_10:V_00002383_10,pilot,impostor,10,U_00002319_10,V_00002383_10,00002319,00002383
pilot:U_00002319_10:V_00002402_03,pilot,impostor,10,U_00002319_10,V_00002402_03,00002319,00002402
pilot:U_00002319_10:V_00002402_10,pilot,impostor,10,U_00002319_10,V_00002402_10,00002319,00002402
pilot:U_00002319_10:V_00002403_03,pilot,impostor,10,U_00002319_10,V_00002403_03,00002319,00002403
pilot:U_00002319_10:V_00002408_03,pilot,impostor,10,U_00002319_10,V_00002408_03,00002319,00002408
pilot:U_00002319_10:V_00002408_10,pilot,impostor,10,U_00002319_10,V_00002408_10,00002319,00002408
pilot:U_00002319_10:V_00002412_03,pilot,impostor,10,U_00002319_10,V_00002412_03,00002319,00002412
pilot:U_00002319_10:V_00002412_10,pilot,impostor,10,U_00002319_10,V_00002412_10,00002319,00002412
pilot:U_00002319_10:V_00002420_03,pilot,impostor,10,U_00002319_10,V_00002420_03,00002319,00002420
pilot:U_00002319_10:V_00002420_10,pilot,impostor,10,U_00002319_10,V_00002420_10,00002319,00002420
pilot:U_00002319_10:V_00002424_03,pilot,impostor,10,U_00002319_10,V_00002424_03,00002319,00002424
pilot:U_00002319_10:V_00002424_10,pilot,impostor,10,U_00002319_10,V_00002424_10,00002319,00002424
pilot:U_00002319_10:V_00002433_10,pilot,impostor,10,U_00002319_10,V_00002433_10,00002319,00002433
pilot:U_00002319_10:V_00002493_06,pilot,impostor,10,U_00002319_10,V_00002493_06,00002319,00002493
pilot:U_00002319_10:V_00002493_10,pilot,impostor,10,U_00002319_10,V_00002493_10,00002319,00002493
pilot:U_00002319_10:V_00002499_01,pilot,impostor,10,U_00002319_10,V_00002499_01,00002319,00002499
pilot:U_00002319_10:V_00002500_05,pilot,impostor,10,U_00002319_10,V_00002500_05,00002319,00002500
pilot:U_00002319_10:V_00002630_10,pilot,impostor,10,U_00002319_10,V_00002630_10,00002319,00002630
pilot:U_00002319_10:V_00002634_07,pilot,impostor,10,U_00002319_10,V_00002634_07,00002319,00002634
pilot:U_00002321_09:V_00002304_03,pilot,impostor,9,U_00002321_09,V_00002304_03,00002321,00002304
pilot:U_00002321_09:V_00002304_10,pilot,impostor,9,U_00002321_09,V_00002304_10,00002321,00002304
pilot:U_00002321_09:V_00002319_03,pilot,impostor,9,U_00002321_09,V_00002319_03,00002321,00002319
pilot:U_00002321_09:V_00002319_10,pilot,impostor,9,U_00002321_09,V_00002319_10,00002321,00002319
pilot:U_00002321_09:V_00002326_03,pilot,impostor,9,U_00002321_09,V_00002326_03,00002321,00002326
pilot:U_00002321_09:V_00002326_10,pilot,impostor,9,U_00002321_09,V_00002326_10,00002321,00002326
pilot:U_00002321_09:V_00002354_03,pilot,impostor,9,U_00002321_09,V_00002354_03,00002321,00002354
pilot:U_00002321_09:V_00002371_07,pilot,impostor,9,U_00002321_09,V_00002371_07,00002321,00002371
pilot:U_00002321_09:V_00002383_03,pilot,impostor,9,U_00002321_09,V_00002383_03,00002321,00002383
pilot:U_00002321_09:V_00002383_10,pilot,impostor,9,U_00002321_09,V_00002383_10,00002321,00002383
pilot:U_00002321_09:V_00002402_03,pilot,impostor,9,U_00002321_09,V_00002402_03,00002321,00002402
pilot:U_00002321_09:V_00002402_10,pilot,impostor,9,U_00002321_09,V_00002402_10,00002321,00002402
pilot:U_00002321_09:V_00002403_03,pilot,impostor,9,U_00002321_09,V_00002403_03,00002321,00002403
pilot:U_00002321_09:V_00002403_10,pilot,impostor,9,U_00002321_09,V_00002403_10,00002321,00002403
pilot:U_00002321_09:V_00002408_03,pilot,impostor,9,U_00002321_09,V_00002408_03,00002321,00002408
pilot:U_00002321_09:V_00002408_10,pilot,impostor,9,U_00002321_09,V_00002408_10,00002321,00002408
pilot:U_00002321_09:V_00002412_03,pilot,impostor,9,U_00002321_09,V_00002412_03,00002321,00002412
pilot:U_00002321_09:V_00002412_10,pilot,impostor,9,U_00002321_09,V_00002412_10,00002321,00002412
pilot:U_00002321_09:V_00002420_03,pilot,impostor,9,U_00002321_09,V_00002420_03,00002321,00002420
pilot:U_00002321_09:V_00002420_10,pilot,impostor,9,U_00002321_09,V_00002420_10,00002321,00002420
pilot:U_00002321_09:V_00002424_03,pilot,impostor,9,U_00002321_09,V_00002424_03,00002321,00002424
pilot:U_00002321_09:V_00002424_10,pilot,impostor,9,U_00002321_09,V_00002424_10,00002321,00002424
pilot:U_00002321_09:V_00002433_10,pilot,impostor,9,U_00002321_09,V_00002433_10,00002321,00002433
pilot:U_00002321_09:V_00002493_06,pilot,impostor,9,U_00002321_09,V_00002493_06,00002321,00002493
pilot:U_00002321_09:V_00002493_10,pilot,impostor,9,U_00002321_09,V_00002493_10,00002321,00002493
pilot:U_00002321_09:V_00002499_01,pilot,impostor,9,U_00002321_09,V_00002499_01,00002321,00002499
pilot:U_00002321_09:V_00002500_05,pilot,impostor,9,U_00002321_09,V_00002500_05,00002321,00002500
pilot:U_00002321_09:V_00002630_10,pilot,impostor,9,U_00002321_09,V_00002630_10,00002321,00002630
pilot:U_00002321_09:V_00002634_07,pilot,impostor,9,U_00002321_09,V_00002634_07,00002321,00002634
pilot:U_00002325_04:V_00002304_10,pilot,impostor,4,U_00002325_04,V_00002304_10,00002325,00002304
pilot:U_00002325_04:V_00002319_03,pilot,impostor,4,U_00002325_04,V_00002319_03,00002325,00002319
pilot:U_00002325_04:V_00002319_10,pilot,impostor,4,U_00002325_04,V_00002319_10,00002325,00002319
pilot:U_00002325_04:V_00002326_03,pilot,impostor,4,U_00002325_04,V_00002326_03,00002325,00002326
pilot:U_00002325_04:V_00002326_10,pilot,impostor,4,U_00002325_04,V_00002326_10,00002325,00002326
pilot:U_00002325_04:V_00002329_01,pilot,impostor,4,U_00002325_04,V_00002329_01,00002325,00002329
pilot:U_00002325_04:V_00002354_03,pilot,impostor,4,U_00002325_04,V_00002354_03,00002325,00002354
pilot:U_00002325_04:V_00002371_07,pilot,impostor,4,U_00002325_04,V_00002371_07,00002325,00002371
pilot:U_00002325_04:V_00002383_03,pilot,impostor,4,U_00002325_04,V_00002383_03,00002325,00002383
pilot:U_00002325_04:V_00002383_10,pilot,impostor,4,U_00002325_04,V_00002383_10,00002325,00002383
pilot:U_00002325_04:V_00002402_03,pilot,impostor,4,U_00002325_04,V_00002402_03,00002325,00002402
pilot:U_00002325_04:V_00002402_10,pilot,impostor,4,U_00002325_04,V_00002402_10,00002325,00002402
pilot:U_00002325_04:V_00002403_03,pilot,impostor,4,U_00002325_04,V_00002403_03,00002325,00002403
pilot:U_00002325_04:V_00002403_10,pilot,impostor,4,U_00002325_04,V_00002403_10,00002325,00002403
pilot:U_00002325_04:V_00002408_03,pilot,impostor,4,U_00002325_04,V_00002408_03,00002325,00002408
pilot:U_00002325_04:V_00002408_10,pilot,impostor,4,U_00002325_04,V_00002408_10,00002325,00002408
pilot:U_00002325_04:V_00002412_03,pilot,impostor,4,U_00002325_04,V_00002412_03,00002325,00002412
pilot:U_00002325_04:V_00002412_10,pilot,impostor,4,U_00002325_04,V_00002412_10,00002325,00002412
pilot:U_00002325_04:V_00002420_03,pilot,impostor,4,U_00002325_04,V_00002420_03,00002325,00002420
pilot:U_00002325_04:V_00002420_10,pilot,impostor,4,U_00002325_04,V_00002420_10,00002325,00002420
pilot:U_00002325_04:V_00002424_03,pilot,impostor,4,U_00002325_04,V_00002424_03,00002325,00002424
pilot:U_00002325_04:V_00002424_10,pilot,impostor,4,U_00002325_04,V_00002424_10,00002325,00002424
pilot:U_00002325_04:V_00002433_10,pilot,impostor,4,U_00002325_04,V_00002433_10,00002325,00002433
pilot:U_00002325_04:V_00002493_06,pilot,impostor,4,U_00002325_04,V_00002493_06,00002325,00002493
pilot:U_00002325_04:V_00002493_10,pilot,impostor,4,U_00002325_04,V_00002493_10,00002325,00002493
pilot:U_00002325_04:V_00002499_01,pilot,impostor,4,U_00002325_04,V_00002499_01,00002325,00002499
pilot:U_00002325_04:V_00002500_05,pilot,impostor,4,U_00002325_04,V_00002500_05,00002325,00002500
pilot:U_00002325_04:V_00002630_10,pilot,impostor,4,U_00002325_04,V_00002630_10,00002325,00002630
pilot:U_00002325_04:V_00002634_07,pilot,impostor,4,U_00002325_04,V_00002634_07,00002325,00002634
pilot:U_00002325_07:V_00002304_03,pilot,impostor,7,U_00002325_07,V_00002304_03,00002325,00002304
pilot:U_00002325_07:V_00002304_10,pilot,impostor,7,U_00002325_07,V_00002304_10,00002325,00002304
pilot:U_00002325_07:V_00002319_03,pilot,impostor,7,U_00002325_07,V_00002319_03,00002325,00002319
pilot:U_00002325_07:V_00002319_10,pilot,impostor,7,U_00002325_07,V_00002319_10,00002325,00002319
pilot:U_00002325_07:V_00002326_03,pilot,impostor,7,U_00002325_07,V_00002326_03,00002325,00002326
pilot:U_00002325_07:V_00002326_10,pilot,impostor,7,U_00002325_07,V_00002326_10,00002325,00002326
pilot:U_00002325_07:V_00002329_01,pilot,impostor,7,U_00002325_07,V_00002329_01,00002325,00002329
pilot:U_00002325_07:V_00002354_03,pilot,impostor,7,U_00002325_07,V_00002354_03,00002325,00002354
pilot:U_00002325_07:V_00002371_07,pilot,impostor,7,U_00002325_07,V_00002371_07,00002325,00002371
pilot:U_00002325_07:V_00002383_03,pilot,impostor,7,U_00002325_07,V_00002383_03,00002325,00002383
pilot:U_00002325_07:V_00002383_10,pilot,impostor,7,U_00002325_07,V_00002383_10,00002325,00002383
pilot:U_00002325_07:V_00002402_03,pilot,impostor,7,U_00002325_07,V_00002402_03,00002325,00002402
pilot:U_00002325_07:V_00002402_10,pilot,impostor,7,U_00002325_07,V_00002402_10,00002325,00002402
pilot:U_00002325_07:V_00002403_03,pilot,impostor,7,U_00002325_07,V_00002403_03,00002325,00002403
pilot:U_00002325_07:V_00002403_10,pilot,impostor,7,U_00002325_07,V_00002403_10,00002325,00002403
pilot:U_00002325_07:V_00002408_03,pilot,impostor,7,U_00002325_07,V_00002408_03,00002325,00002408
pilot:U_00002325_07:V_00002408_10,pilot,impostor,7,U_00002325_07,V_00002408_10,00002325,00002408
pilot:U_00002325_07:V_00002412_03,pilot,impostor,7,U_00002325_07,V_00002412_03,00002325,00002412
pilot:U_00002325_07:V_00002412_10,pilot,impostor,7,U_00002325_07,V_00002412_10,00002325,00002412
pilot:U_00002325_07:V_00002420_03,pilot,impostor,7,U_00002325_07,V_00002420_03,00002325,00002420
pilot:U_00002325_07:V_00002420_10,pilot,impostor,7,U_00002325_07,V_00002420_10,00002325,00002420
pilot:U_00002325_07:V_00002424_03,pilot,impostor,7,U_00002325_07,V_00002424_03,00002325,00002424
pilot:U_00002325_07:V_00002424_10,pilot,impostor,7,U_00002325_07,V_00002424_10,00002325,00002424
pilot:U_00002325_07:V_00002433_10,pilot,impostor,7,U_00002325_07,V_00002433_10,00002325,00002433
pilot:U_00002325_07:V_00002493_06,pilot,impostor,7,U_00002325_07,V_00002493_06,00002325,00002493
pilot:U_00002325_07:V_00002493_10,pilot,impostor,7,U_00002325_07,V_00002493_10,00002325,00002493
pilot:U_00002325_07:V_00002499_01,pilot,impostor,7,U_00002325_07,V_00002499_01,00002325,00002499
pilot:U_00002325_07:V_00002500_05,pilot,impostor,7,U_00002325_07,V_00002500_05,00002325,00002500
pilot:U_00002325_07:V_00002630_10,pilot,impostor,7,U_00002325_07,V_00002630_10,00002325,00002630
pilot:U_00002325_07:V_00002634_07,pilot,impostor,7,U_00002325_07,V_00002634_07,00002325,00002634
pilot:U_00002326_03:V_00002304_03,pilot,impostor,3,U_00002326_03,V_00002304_03,00002326,00002304
pilot:U_00002326_03:V_00002304_10,pilot,impostor,3,U_00002326_03,V_00002304_10,00002326,00002304
pilot:U_00002326_03:V_00002319_03,pilot,impostor,3,U_00002326_03,V_00002319_03,00002326,00002319
pilot:U_00002326_03:V_00002319_10,pilot,impostor,3,U_00002326_03,V_00002319_10,00002326,00002319
pilot:U_00002326_03:V_00002326_03,pilot,genuine,3,U_00002326_03,V_00002326_03,00002326,00002326
pilot:U_00002326_03:V_00002326_10,pilot,impostor,3,U_00002326_03,V_00002326_10,00002326,00002326
pilot:U_00002326_03:V_00002329_01,pilot,impostor,3,U_00002326_03,V_00002329_01,00002326,00002329
pilot:U_00002326_03:V_00002354_03,pilot,impostor,3,U_00002326_03,V_00002354_03,00002326,00002354
pilot:U_00002326_03:V_00002371_07,pilot,impostor,3,U_00002326_03,V_00002371_07,00002326,00002371
pilot:U_00002326_03:V_00002383_03,pilot,impostor,3,U_00002326_03,V_00002383_03,00002326,00002383
pilot:U_00002326_03:V_00002383_10,pilot,impostor,3,U_00002326_03,V_00002383_10,00002326,00002383
pilot:U_00002326_03:V_00002402_03,pilot,impostor,3,U_00002326_03,V_00002402_03,00002326,00002402
pilot:U_00002326_03:V_00002402_10,pilot,impostor,3,U_00002326_03,V_00002402_10,00002326,00002402
pilot:U_00002326_03:V_00002403_03,pilot,impostor,3,U_00002326_03,V_00002403_03,00002326,00002403
pilot:U_00002326_03:V_00002403_10,pilot,impostor,3,U_00002326_03,V_00002403_10,00002326,00002403
pilot:U_00002326_03:V_00002408_03,pilot,impostor,3,U_00002326_03,V_00002408_03,00002326,00002408
pilot:U_00002326_03:V_00002408_10,pilot,impostor,3,U_00002326_03,V_00002408_10,00002326,00002408
pilot:U_00002326_03:V_00002412_03,pilot,impostor,3,U_00002326_03,V_00002412_03,00002326,00002412
pilot:U_00002326_03:V_00002412_10,pilot,impostor,3,U_00002326_03,V_00002412_10,00002326,00002412
pilot:U_00002326_03:V_00002420_03,pilot,impostor,3,U_00002326_03,V_00002420_03,00002326,00002420
pilot:U_00002326_03:V_00002420_10,pilot,impostor,3,U_00002326_03,V_00002420_10,00002326,00002420
pilot:U_00002326_03:V_00002424_03,pilot,impostor,3,U_00002326_03,V_00002424_03,00002326,00002424
pilot:U_00002326_03:V_00002424_10,pilot,impostor,3,U_00002326_03,V_00002424_10,00002326,00002424
pilot:U_00002326_03:V_00002433_10,pilot,impostor,3,U_00002326_03,V_00002433_10,00002326,00002433
pilot:U_00002326_03:V_00002493_06,pilot,impostor,3,U_00002326_03,V_00002493_06,00002326,00002493
pilot:U_00002326_03:V_00002493_10,pilot,impostor,3,U_00002326_03,V_00002493_10,00002326,00002493
pilot:U_00002326_03:V_00002499_01,pilot,impostor,3,U_00002326_03,V_00002499_01,00002326,00002499
pilot:U_00002326_03:V_00002500_05,pilot,impostor,3,U_00002326_03,V_00002500_05,00002326,00002500
pilot:U_00002326_03:V_00002630_10,pilot,impostor,3,U_00002326_03,V_00002630_10,00002326,00002630
pilot:U_00002326_03:V_00002634_07,pilot,impostor,3,U_00002326_03,V_00002634_07,00002326,00002634
pilot:U_00002326_10:V_00002304_03,pilot,impostor,10,U_00002326_10,V_00002304_03,00002326,00002304
pilot:U_00002326_10:V_00002304_10,pilot,impostor,10,U_00002326_10,V_00002304_10,00002326,00002304
pilot:U_00002326_10:V_00002319_03,pilot,impostor,10,U_00002326_10,V_00002319_03,00002326,00002319
pilot:U_00002326_10:V_00002319_10,pilot,impostor,10,U_00002326_10,V_00002319_10,00002326,00002319
pilot:U_00002326_10:V_00002326_03,pilot,impostor,10,U_00002326_10,V_00002326_03,00002326,00002326
pilot:U_00002326_10:V_00002326_10,pilot,genuine,10,U_00002326_10,V_00002326_10,00002326,00002326
pilot:U_00002326_10:V_00002329_01,pilot,impostor,10,U_00002326_10,V_00002329_01,00002326,00002329
pilot:U_00002326_10:V_00002354_03,pilot,impostor,10,U_00002326_10,V_00002354_03,00002326,00002354
pilot:U_00002326_10:V_00002371_07,pilot,impostor,10,U_00002326_10,V_00002371_07,00002326,00002371
pilot:U_00002326_10:V_00002383_03,pilot,impostor,10,U_00002326_10,V_00002383_03,00002326,00002383
pilot:U_00002326_10:V_00002383_10,pilot,impostor,10,U_00002326_10,V_00002383_10,00002326,00002383
pilot:U_00002326_10:V_00002402_03,pilot,impostor,10,U_00002326_10,V_00002402_03,00002326,00002402
pilot:U_00002326_10:V_00002402_10,pilot,impostor,10,U_00002326_10,V_00002402_10,00002326,00002402
pilot:U_00002326_10:V_00002403_03,pilot,impostor,10,U_00002326_10,V_00002403_03,00002326,00002403
pilot:U_00002326_10:V_00002403_10,pilot,impostor,10,U_00002326_10,V_00002403_10,00002326,00002403
pilot:U_00002326_10:V_00002408_03,pilot,impostor,10,U_00002326_10,V_00002408_03,00002326,00002408
pilot:U_00002326_10:V_00002408_10,pilot,impostor,10,U_00002326_10,V_00002408_10,00002326,00002408
pilot:U_00002326_10:V_00002412_03,pilot,impostor,10,U_00002326_10,V_00002412_03,00002326,00002412
pilot:U_00002326_10:V_00002412_10,pilot,impostor,10,U_00002326_10,V_00002412_10,00002326,00002412
pilot:U_00002326_10:V_00002420_03,pilot,impostor,10,U_00002326_10,V_00002420_03,00002326,00002420
pilot:U_00002326_10:V_00002420_10,pilot,impostor,10,U_00002326_10,V_00002420_10,00002326,00002420
pilot:U_00002326_10:V_00002424_03,pilot,impostor,10,U_00002326_10,V_00002424_03,00002326,00002424
pilot:U_00002326_10:V_00002424_10,pilot,impostor,10,U_00002326_10,V_00002424_10,00002326,00002424
pilot:U_00002326_10:V_00002433_10,pilot,impostor,10,U_00002326_10,V_00002433_10,00002326,00002433
pilot:U_00002326_10:V_00002493_10,pilot,impostor,10,U_00002326_10,V_00002493_10,00002326,00002493
pilot:U_00002326_10:V_00002499_01,pilot,impostor,10,U_00002326_10,V_00002499_01,00002326,00002499
pilot:U_00002326_10:V_00002500_05,pilot,impostor,10,U_00002326_10,V_00002500_05,00002326,00002500
pilot:U_00002326_10:V_00002630_10,pilot,impostor,10,U_00002326_10,V_00002630_10,00002326,00002630
pilot:U_00002326_10:V_00002634_07,pilot,impostor,10,U_00002326_10,V_00002634_07,00002326,00002634
pilot:U_00002329_05:V_00002304_03,pilot,impostor,5,U_00002329_05,V_00002304_03,00002329,00002304
pilot:U_00002329_05:V_00002304_10,pilot,impostor,5,U_00002329_05,V_00002304_10,00002329,00002304
pilot:U_00002329_05:V_00002319_03,pilot,impostor,5,U_00002329_05,V_00002319_03,00002329,00002319
pilot:U_00002329_05:V_00002319_10,pilot,impostor,5,U_00002329_05,V_00002319_10,00002329,00002319
pilot:U_00002329_05:V_00002326_03,pilot,impostor,5,U_00002329_05,V_00002326_03,00002329,00002326
pilot:U_00002329_05:V_00002326_10,pilot,impostor,5,U_00002329_05,V_00002326_10,00002329,00002326
pilot:U_00002329_05:V_00002329_01,pilot,impostor,5,U_00002329_05,V_00002329_01,00002329,00002329
pilot:U_00002329_05:V_00002354_03,pilot,impostor,5,U_00002329_05,V_00002354_03,00002329,00002354
pilot:U_00002329_05:V_00002371_07,pilot,impostor,5,U_00002329_05,V_00002371_07,00002329,00002371
pilot:U_00002329_05:V_00002383_03,pilot,impostor,5,U_00002329_05,V_00002383_03,00002329,00002383
pilot:U_00002329_05:V_00002383_10,pilot,impostor,5,U_00002329_05,V_00002383_10,00002329,00002383
pilot:U_00002329_05:V_00002402_03,pilot,impostor,5,U_00002329_05,V_00002402_03,00002329,00002402
pilot:U_00002329_05:V_00002402_10,pilot,impostor,5,U_00002329_05,V_00002402_10,00002329,00002402
pilot:U_00002329_05:V_00002403_03,pilot,impostor,5,U_00002329_05,V_00002403_03,00002329,00002403
pilot:U_00002329_05:V_00002403_10,pilot,impostor,5,U_00002329_05,V_00002403_10,00002329,00002403
pilot:U_00002329_05:V_00002408_03,pilot,impostor,5,U_00002329_05,V_00002408_03,00002329,00002408
pilot:U_00002329_05:V_00002408_10,pilot,impostor,5,U_00002329_05,V_00002408_10,00002329,00002408
pilot:U_00002329_05:V_00002412_03,pilot,impostor,5,U_00002329_05,V_00002412_03,00002329,00002412
pilot:U_00002329_05:V_00002412_10,pilot,impostor,5,U_00002329_05,V_00002412_10,00002329,00002412
pilot:U_00002329_05:V_00002420_03,pilot,impostor,5,U_00002329_05,V_00002420_03,00002329,00002420
pilot:U_00002329_05:V_00002420_10,pilot,impostor,5,U_00002329_05,V_00002420_10,00002329,00002420
pilot:U_00002329_05:V_00002424_10,pilot,impostor,5,U_00002329_05,V_00002424_10,00002329,00002424
pilot:U_00002329_05:V_00002433_10,pilot,impostor,5,U_00002329_05,V_00002433_10,00002329,00002433
pilot:U_00002329_05:V_00002493_06,pilot,impostor,5,U_00002329_05,V_00002493_06,00002329,00002493
pilot:U_00002329_05:V_00002493_10,pilot,impostor,5,U_00002329_05,V_00002493_10,00002329,00002493
pilot:U_00002329_05:V_00002499_01,pilot,impostor,5,U_00002329_05,V_00002499_01,00002329,00002499
pilot:U_00002329_05:V_00002500_05,pilot,impostor,5,U_00002329_05,V_00002500_05,00002329,00002500
pilot:U_00002329_05:V_00002630_10,pilot,impostor,5,U_00002329_05,V_00002630_10,00002329,00002630
pilot:U_00002329_05:V_00002634_07,pilot,impostor,5,U_00002329_05,V_00002634_07,00002329,00002634
pilot:U_00002380_10:V_00002304_03,pilot,impostor,10,U_00002380_10,V_00002304_03,00002380,00002304
pilot:U_00002380_10:V_00002304_10,pilot,impostor,10,U_00002380_10,V_00002304_10,00002380,00002304
pilot:U_00002380_10:V_00002319_03,pilot,impostor,10,U_00002380_10,V_00002319_03,00002380,00002319
pilot:U_00002380_10:V_00002319_10,pilot,impostor,10,U_00002380_10,V_00002319_10,00002380,00002319
pilot:U_00002380_10:V_00002326_03,pilot,impostor,10,U_00002380_10,V_00002326_03,00002380,00002326
pilot:U_00002380_10:V_00002326_10,pilot,impostor,10,U_00002380_10,V_00002326_10,00002380,00002326
pilot:U_00002380_10:V_00002329_01,pilot,impostor,10,U_00002380_10,V_00002329_01,00002380,00002329
pilot:U_00002380_10:V_00002354_03,pilot,impostor,10,U_00002380_10,V_00002354_03,00002380,00002354
pilot:U_00002380_10:V_00002371_07,pilot,impostor,10,U_00002380_10,V_00002371_07,00002380,00002371
pilot:U_00002380_10:V_00002383_03,pilot,impostor,10,U_00002380_10,V_00002383_03,00002380,00002383
pilot:U_00002380_10:V_00002383_10,pilot,impostor,10,U_00002380_10,V_00002383_10,00002380,00002383
pilot:U_00002380_10:V_00002402_03,pilot,impostor,10,U_00002380_10,V_00002402_03,00002380,00002402
pilot:U_00002380_10:V_00002402_10,pilot,impostor,10,U_00002380_10,V_00002402_10,00002380,00002402
pilot:U_00002380_10:V_00002403_03,pilot,impostor,10,U_00002380_10,V_00002403_03,00002380,00002403
pilot:U_00002380_10:V_00002403_10,pilot,impostor,10,U_00002380_10,V_00002403_10,00002380,00002403
pilot:U_00002380_10:V_00002408_03,pilot,impostor,10,U_00002380_10,V_00002408_03,00002380,00002408
pilot:U_00002380_10:V_00002408_10,pilot,impostor,10,U_00002380_10,V_00002408_10,00002380,00002408
pilot:U_00002380_10:V_00002412_03,pilot,impostor,10,U_00002380_10,V_00002412_03,00002380,00002412
pilot:U_00002380_10:V_00002412_10,pilot,impostor,10,U_00002380_10,V_00002412_10,00002380,00002412
pilot:U_00002380_10:V_00002420_03,pilot,impostor,10,U_00002380_10,V_00002420_03,00002380,00002420
pilot:U_00002380_10:V_00002420_10,pilot,impostor,10,U_00002380_10,V_00002420_10,00002380,00002420
pilot:U_00002380_10:V_00002424_10,pilot,impostor,10,U_00002380_10,V_00002424_10,00002380,00002424
pilot:U_00002380_10:V_00002433_10,pilot,impostor,10,U_00002380_10,V_00002433_10,00002380,00002433
pilot:U_00002380_10:V_00002493_06,pilot,impostor,10,U_00002380_10,V_00002493_06,00002380,00002493
pilot:U_00002380_10:V_00002493_10,pilot,impostor,10,U_00002380_10,V_00002493_10,00002380,00002493
pilot:U_00002380_10:V_00002499_01,pilot,impostor,10,U_00002380_10,V_00002499_01,00002380,00002499
pilot:U_00002380_10:V_00002500_05,pilot,impostor,10,U_00002380_10,V_00002500_05,00002380,00002500
pilot:U_00002380_10:V_00002630_10,pilot,impostor,10,U_00002380_10,V_00002630_10,00002380,00002630
pilot:U_00002380_10:V_00002634_07,pilot,impostor,10,U_00002380_10,V_00002634_07,00002380,00002634
pilot:U_00002383_03:V_00002304_03,pilot,impostor,3,U_00002383_03,V_00002304_03,00002383,00002304
pilot:U_00002383_03:V_00002304_10,pilot,impostor,3,U_00002383_03,V_00002304_10,00002383,00002304
pilot:U_00002383_03:V_00002319_03,pilot,impostor,3,U_00002383_03,V_00002319_03,00002383,00002319
pilot:U_00002383_03:V_00002326_03,pilot,impostor,3,U_00002383_03,V_00002326_03,00002383,00002326
pilot:U_00002383_03:V_00002326_10,pilot,impostor,3,U_00002383_03,V_00002326_10,00002383,00002326
pilot:U_00002383_03:V_00002329_01,pilot,impostor,3,U_00002383_03,V_00002329_01,00002383,00002329
pilot:U_00002383_03:V_00002354_03,pilot,impostor,3,U_00002383_03,V_00002354_03,00002383,00002354
pilot:U_00002383_03:V_00002371_07,pilot,impostor,3,U_00002383_03,V_00002371_07,00002383,00002371
pilot:U_00002383_03:V_00002383_03,pilot,genuine,3,U_00002383_03,V_00002383_03,00002383,00002383
pilot:U_00002383_03:V_00002383_10,pilot,impostor,3,U_00002383_03,V_00002383_10,00002383,00002383
pilot:U_00002383_03:V_00002402_03,pilot,impostor,3,U_00002383_03,V_00002402_03,00002383,00002402
pilot:U_00002383_03:V_00002402_10,pilot,impostor,3,U_00002383_03,V_00002402_10,00002383,00002402
pilot:U_00002383_03:V_00002403_03,pilot,impostor,3,U_00002383_03,V_00002403_03,00002383,00002403
pilot:U_00002383_03:V_00002403_10,pilot,impostor,3,U_00002383_03,V_00002403_10,00002383,00002403
pilot:U_00002383_03:V_00002412_03,pilot,impostor,3,U_00002383_03,V_00002412_03,00002383,00002412
pilot:U_00002383_03:V_00002412_10,pilot,impostor,3,U_00002383_03,V_00002412_10,00002383,00002412
pilot:U_00002383_03:V_00002420_03,pilot,impostor,3,U_00002383_03,V_00002420_03,00002383,00002420
pilot:U_00002383_03:V_00002420_10,pilot,impostor,3,U_00002383_03,V_00002420_10,00002383,00002420
pilot:U_00002383_03:V_00002424_03,pilot,impostor,3,U_00002383_03,V_00002424_03,00002383,00002424
pilot:U_00002383_03:V_00002424_10,pilot,impostor,3,U_00002383_03,V_00002424_10,00002383,00002424
pilot:U_00002383_03:V_00002433_10,pilot,impostor,3,U_00002383_03,V_00002433_10,00002383,00002433
pilot:U_00002383_03:V_00002493_06,pilot,impostor,3,U_00002383_03,V_00002493_06,00002383,00002493
pilot:U_00002383_03:V_00002493_10,pilot,impostor,3,U_00002383_03,V_00002493_10,00002383,00002493
pilot:U_00002383_03:V_00002499_01,pilot,impostor,3,U_00002383_03,V_00002499_01,00002383,00002499
pilot:U_00002383_03:V_00002500_05,pilot,impostor,3,U_00002383_03,V_00002500_05,00002383,00002500
pilot:U_00002383_03:V_00002630_10,pilot,impostor,3,U_00002383_03,V_00002630_10,00002383,00002630
pilot:U_00002383_03:V_00002634_07,pilot,impostor,3,U_00002383_03,V_00002634_07,00002383,00002634
pilot:U_00002383_10:V_00002304_03,pilot,impostor,10,U_00002383_10,V_00002304_03,00002383,00002304
pilot:U_00002383_10:V_00002304_10,pilot,impostor,10,U_00002383_10,V_00002304_10,00002383,00002304
pilot:U_00002383_10:V_00002319_03,pilot,impostor,10,U_00002383_10,V_00002319_03,00002383,00002319
pilot:U_00002383_10:V_00002319_10,pilot,impostor,10,U_00002383_10,V_00002319_10,00002383,00002319
pilot:U_00002383_10:V_00002326_03,pilot,impostor,10,U_00002383_10,V_00002326_03,00002383,00002326
pilot:U_00002383_10:V_00002326_10,pilot,impostor,10,U_00002383_10,V_00002326_10,00002383,00002326
pilot:U_00002383_10:V_00002329_01,pilot,impostor,10,U_00002383_10,V_00002329_01,00002383,00002329
pilot:U_00002383_10:V_00002354_03,pilot,impostor,10,U_00002383_10,V_00002354_03,00002383,00002354
pilot:U_00002383_10:V_00002371_07,pilot,impostor,10,U_00002383_10,V_00002371_07,00002383,00002371
pilot:U_00002383_10:V_00002383_03,pilot,impostor,10,U_00002383_10,V_00002383_03,00002383,00002383
pilot:U_00002383_10:V_00002383_10,pilot,genuine,10,U_00002383_10,V_00002383_10,00002383,00002383
pilot:U_00002383_10:V_00002402_03,pilot,impostor,10,U_00002383_10,V_00002402_03,00002383,00002402
pilot:U_00002383_10:V_00002402_10,pilot,impostor,10,U_00002383_10,V_00002402_10,00002383,00002402
pilot:U_00002383_10:V_00002403_03,pilot,impostor,10,U_00002383_10,V_00002403_03,00002383,00002403
pilot:U_00002383_10:V_00002408_03,pilot,impostor,10,U_00002383_10,V_00002408_03,00002383,00002408
pilot:U_00002383_10:V_00002412_03,pilot,impostor,10,U_00002383_10,V_00002412_03,00002383,00002412
pilot:U_00002383_10:V_00002412_10,pilot,impostor,10,U_00002383_10,V_00002412_10,00002383,00002412
pilot:U_00002383_10:V_00002420_03,pilot,impostor,10,U_00002383_10,V_00002420_03,00002383,00002420
pilot:U_00002383_10:V_00002420_10,pilot,impostor,10,U_00002383_10,V_00002420_10,00002383,00002420
pilot:U_00002383_10:V_00002424_03,pilot,impostor,10,U_00002383_10,V_00002424_03,00002383,00002424
pilot:U_00002383_10:V_00002424_10,pilot,impostor,10,U_00002383_10,V_00002424_10,00002383,00002424
pilot:U_00002383_10:V_00002433_10,pilot,impostor,10,U_00002383_10,V_00002433_10,00002383,00002433
pilot:U_00002383_10:V_00002493_06,pilot,impostor,10,U_00002383_10,V_00002493_06,00002383,00002493
pilot:U_00002383_10:V_00002493_10,pilot,impostor,10,U_00002383_10,V_00002493_10,00002383,00002493
pilot:U_00002383_10:V_00002499_01,pilot,impostor,10,U_00002383_10,V_00002499_01,00002383,00002499
pilot:U_00002383_10:V_00002500_05,pilot,impostor,10,U_00002383_10,V_00002500_05,00002383,00002500
pilot:U_00002383_10:V_00002630_10,pilot,impostor,10,U_00002383_10,V_00002630_10,00002383,00002630
pilot:U_00002383_10:V_00002634_07,pilot,impostor,10,U_00002383_10,V_00002634_07,00002383,00002634
pilot:U_00002402_03:V_00002304_03,pilot,impostor,3,U_00002402_03,V_00002304_03,00002402,00002304
pilot:U_00002402_03:V_00002304_10,pilot,impostor,3,U_00002402_03,V_00002304_10,00002402,00002304
pilot:U_00002402_03:V_00002319_03,pilot,impostor,3,U_00002402_03,V_00002319_03,00002402,00002319
pilot:U_00002402_03:V_00002319_10,pilot,impostor,3,U_00002402_03,V_00002319_10,00002402,00002319
pilot:U_00002402_03:V_00002326_03,pilot,impostor,3,U_00002402_03,V_00002326_03,00002402,00002326
pilot:U_00002402_03:V_00002326_10,pilot,impostor,3,U_00002402_03,V_00002326_10,00002402,00002326
pilot:U_00002402_03:V_00002329_01,pilot,impostor,3,U_00002402_03,V_00002329_01,00002402,00002329
pilot:U_00002402_03:V_00002354_03,pilot,impostor,3,U_00002402_03,V_00002354_03,00002402,00002354
pilot:U_00002402_03:V_00002371_07,pilot,impostor,3,U_00002402_03,V_00002371_07,00002402,00002371
pilot:U_00002402_03:V_00002383_03,pilot,impostor,3,U_00002402_03,V_00002383_03,00002402,00002383
pilot:U_00002402_03:V_00002383_10,pilot,impostor,3,U_00002402_03,V_00002383_10,00002402,00002383
pilot:U_00002402_03:V_00002402_03,pilot,genuine,3,U_00002402_03,V_00002402_03,00002402,00002402
pilot:U_00002402_03:V_00002402_10,pilot,impostor,3,U_00002402_03,V_00002402_10,00002402,00002402
pilot:U_00002402_03:V_00002403_03,pilot,impostor,3,U_00002402_03,V_00002403_03,00002402,00002403
pilot:U_00002402_03:V_00002403_10,pilot,impostor,3,U_00002402_03,V_00002403_10,00002402,00002403
pilot:U_00002402_03:V_00002408_03,pilot,impostor,3,U_00002402_03,V_00002408_03,00002402,00002408
pilot:U_00002402_03:V_00002408_10,pilot,impostor,3,U_00002402_03,V_00002408_10,00002402,00002408
pilot:U_00002402_03:V_00002412_03,pilot,impostor,3,U_00002402_03,V_00002412_03,00002402,00002412
pilot:U_00002402_03:V_00002420_03,pilot,impostor,3,U_00002402_03,V_00002420_03,00002402,00002420
pilot:U_00002402_03:V_00002420_10,pilot,impostor,3,U_00002402_03,V_00002420_10,00002402,00002420
pilot:U_00002402_03:V_00002424_03,pilot,impostor,3,U_00002402_03,V_00002424_03,00002402,00002424
pilot:U_00002402_03:V_00002424_10,pilot,impostor,3,U_00002402_03,V_00002424_10,00002402,00002424
pilot:U_00002402_03:V_00002433_10,pilot,impostor,3,U_00002402_03,V_00002433_10,00002402,00002433
pilot:U_00002402_03:V_00002493_06,pilot,impostor,3,U_00002402_03,V_00002493_06,00002402,00002493
pilot:U_00002402_03:V_00002493_10,pilot,impostor,3,U_00002402_03,V_00002493_10,00002402,00002493
pilot:U_00002402_03:V_00002499_01,pilot,impostor,3,U_00002402_03,V_00002499_01,00002402,00002499
pilot:U_00002402_03:V_00002500_05,pilot,impostor,3,U_00002402_03,V_00002500_05,00002402,00002500
pilot:U_00002402_03:V_00002630_10,pilot,impostor,3,U_00002402_03,V_00002630_10,00002402,00002630
pilot:U_00002402_03:V_00002634_07,pilot,impostor,3,U_00002402_03,V_00002634_07,00002402,00002634
pilot:U_00002402_10:V_00002304_03,pilot,impostor,10,U_00002402_10,V_00002304_03,00002402,00002304
pilot:U_00002402_10:V_00002304_10,pilot,impostor,10,U_00002402_10,V_00002304_10,00002402,00002304
pilot:U_00002402_10:V_00002319_03,pilot,impostor,10,U_00002402_10,V_00002319_03,00002402,00002319
pilot:U_00002402_10:V_00002319_10,pilot,impostor,10,U_00002402_10,V_00002319_10,00002402,00002319
pilot:U_00002402_10:V_00002326_03,pilot,impostor,10,U_00002402_10,V_00002326_03,00002402,00002326
pilot:U_00002402_10:V_00002326_10,pilot,impostor,10,U_00002402_10,V_00002326_10,00002402,00002326
pilot:U_00002402_10:V_00002329_01,pilot,impostor,10,U_00002402_10,V_00002329_01,00002402,00002329
pilot:U_00002402_10:V_00002354_03,pilot,impostor,10,U_00002402_10,V_00002354_03,00002402,00002354
pilot:U_00002402_10:V_00002371_07,pilot,impostor,10,U_00002402_10,V_00002371_07,00002402,00002371
pilot:U_00002402_10:V_00002383_03,pilot,impostor,10,U_00002402_10,V_00002383_03,00002402,00002383
pilot:U_00002402_10:V_00002383_10,pilot,impostor,10,U_00002402_10,V_00002383_10,00002402,00002383
pilot:U_00002402_10:V_00002402_03,pilot,impostor,10,U_00002402_10,V_00002402_03,00002402,00002402
pilot:U_00002402_10:V_00002402_10,pilot,genuine,10,U_00002402_10,V_00002402_10,00002402,00002402
pilot:U_00002402_10:V_00002403_03,pilot,impostor,10,U_00002402_10,V_00002403_03,00002402,00002403
pilot:U_00002402_10:V_00002403_10,pilot,impostor,10,U_00002402_10,V_00002403_10,00002402,00002403
pilot:U_00002402_10:V_00002408_03,pilot,impostor,10,U_00002402_10,V_00002408_03,00002402,00002408
pilot:U_00002402_10:V_00002408_10,pilot,impostor,10,U_00002402_10,V_00002408_10,00002402,00002408
pilot:U_00002402_10:V_00002412_03,pilot,impostor,10,U_00002402_10,V_00002412_03,00002402,00002412
pilot:U_00002402_10:V_00002412_10,pilot,impostor,10,U_00002402_10,V_00002412_10,00002402,00002412
pilot:U_00002402_10:V_00002420_03,pilot,impostor,10,U_00002402_10,V_00002420_03,00002402,00002420
pilot:U_00002402_10:V_00002420_10,pilot,impostor,10,U_00002402_10,V_00002420_10,00002402,00002420
pilot:U_00002402_10:V_00002424_03,pilot,impostor,10,U_00002402_10,V_00002424_03,00002402,00002424
pilot:U_00002402_10:V_00002424_10,pilot,impostor,10,U_00002402_10,V_00002424_10,00002402,00002424
pilot:U_00002402_10:V_00002433_10,pilot,impostor,10,U_00002402_10,V_00002433_10,00002402,00002433
pilot:U_00002402_10:V_00002493_06,pilot,impostor,10,U_00002402_10,V_00002493_06,00002402,00002493
pilot:U_00002402_10:V_00002493_10,pilot,impostor,10,U_00002402_10,V_00002493_10,00002402,00002493
pilot:U_00002402_10:V_00002499_01,pilot,impostor,10,U_00002402_10,V_00002499_01,00002402,00002499
pilot:U_00002402_10:V_00002500_05,pilot,impostor,10,U_00002402_10,V_00002500_05,00002402,00002500
pilot:U_00002402_10:V_00002630_10,pilot,impostor,10,U_00002402_10,V_00002630_10,00002402,00002630
pilot:U_00002402_10:V_00002634_07,pilot,impostor,10,U_00002402_10,V_00002634_07,00002402,00002634
pilot:U_00002403_03:V_00002304_03,pilot,impostor,3,U_00002403_03,V_00002304_03,00002403,00002304
pilot:U_00002403_03:V_00002304_10,pilot,impostor,3,U_00002403_03,V_00002304_10,00002403,00002304
pilot:U_00002403_03:V_00002319_03,pilot,impostor,3,U_00002403_03,V_00002319_03,00002403,00002319
pilot:U_00002403_03:V_00002319_10,pilot,impostor,3,U_00002403_03,V_00002319_10,00002403,00002319
pilot:U_00002403_03:V_00002326_03,pilot,impostor,3,U_00002403_03,V_00002326_03,00002403,00002326
pilot:U_00002403_03:V_00002329_01,pilot,impostor,3,U_00002403_03,V_00002329_01,00002403,00002329
pilot:U_00002403_03:V_00002354_03,pilot,impostor,3,U_00002403_03,V_00002354_03,00002403,00002354
pilot:U_00002403_03:V_00002371_07,pilot,impostor,3,U_00002403_03,V_00002371_07,00002403,00002371
pilot:U_00002403_03:V_00002383_03,pilot,impostor,3,U_00002403_03,V_00002383_03,00002403,00002383
pilot:U_00002403_03:V_00002383_10,pilot,impostor,3,U_00002403_03,V_00002383_10,00002403,00002383
pilot:U_00002403_03:V_00002402_03,pilot,impostor,3,U_00002403_03,V_00002402_03,00002403,00002402
pilot:U_00002403_03:V_00002402_10,pilot,impostor,3,U_00002403_03,V_00002402_10,00002403,00002402
pilot:U_00002403_03:V_00002403_03,pilot,genuine,3,U_00002403_03,V_00002403_03,00002403,00002403
pilot:U_00002403_03:V_00002408_03,pilot,impostor,3,U_00002403_03,V_00002408_03,00002403,00002408
pilot:U_00002403_03:V_00002408_10,pilot,impostor,3,U_00002403_03,V_00002408_10,00002403,00002408
pilot:U_00002403_03:V_00002412_03,pilot,impostor,3,U_00002403_03,V_00002412_03,00002403,00002412
pilot:U_00002403_03:V_00002412_10,pilot,impostor,3,U_00002403_03,V_00002412_10,00002403,00002412
pilot:U_00002403_03:V_00002420_03,pilot,impostor,3,U_00002403_03,V_00002420_03,00002403,00002420
pilot:U_00002403_03:V_00002420_10,pilot,impostor,3,U_00002403_03,V_00002420_10,00002403,00002420
pilot:U_00002403_03:V_00002424_03,pilot,impostor,3,U_00002403_03,V_00002424_03,00002403,00002424
pilot:U_00002403_03:V_00002424_10,pilot,impostor,3,U_00002403_03,V_00002424_10,00002403,00002424
pilot:U_00002403_03:V_00002433_10,pilot,impostor,3,U_00002403_03,V_00002433_10,00002403,00002433
pilot:U_00002403_03:V_00002493_06,pilot,impostor,3,U_00002403_03,V_00002493_06,00002403,00002493
pilot:U_00002403_03:V_00002493_10,pilot,impostor,3,U_00002403_03,V_00002493_10,00002403,00002493
pilot:U_00002403_03:V_00002499_01,pilot,impostor,3,U_00002403_03,V_00002499_01,00002403,00002499
pilot:U_00002403_03:V_00002500_05,pilot,impostor,3,U_00002403_03,V_00002500_05,00002403,00002500
pilot:U_00002403_03:V_00002630_10,pilot,impostor,3,U_00002403_03,V_00002630_10,00002403,00002630
pilot:U_00002403_03:V_00002634_07,pilot,impostor,3,U_00002403_03,V_00002634_07,00002403,00002634
pilot:U_00002403_10:V_00002304_03,pilot,impostor,10,U_00002403_10,V_00002304_03,00002403,00002304
pilot:U_00002403_10:V_00002304_10,pilot,impostor,10,U_00002403_10,V_00002304_10,00002403,00002304
pilot:U_00002403_10:V_00002319_03,pilot,impostor,10,U_00002403_10,V_00002319_03,00002403,00002319
pilot:U_00002403_10:V_00002319_10,pilot,impostor,10,U_00002403_10,V_00002319_10,00002403,00002319
pilot:U_00002403_10:V_00002326_03,pilot,impostor,10,U_00002403_10,V_00002326_03,00002403,00002326
pilot:U_00002403_10:V_00002326_10,pilot,impostor,10,U_00002403_10,V_00002326_10,00002403,00002326
pilot:U_00002403_10:V_00002329_01,pilot,impostor,10,U_00002403_10,V_00002329_01,00002403,00002329
pilot:U_00002403_10:V_00002354_03,pilot,impostor,10,U_00002403_10,V_00002354_03,00002403,00002354
pilot:U_00002403_10:V_00002371_07,pilot,impostor,10,U_00002403_10,V_00002371_07,00002403,00002371
pilot:U_00002403_10:V_00002383_03,pilot,impostor,10,U_00002403_10,V_00002383_03,00002403,00002383
pilot:U_00002403_10:V_00002383_10,pilot,impostor,10,U_00002403_10,V_00002383_10,00002403,00002383
pilot:U_00002403_10:V_00002402_03,pilot,impostor,10,U_00002403_10,V_00002402_03,00002403,00002402
pilot:U_00002403_10:V_00002402_10,pilot,impostor,10,U_00002403_10,V_00002402_10,00002403,00002402
pilot:U_00002403_10:V_00002403_03,pilot,impostor,10,U_00002403_10,V_00002403_03,00002403,00002403
pilot:U_00002403_10:V_00002403_10,pilot,genuine,10,U_00002403_10,V_00002403_10,00002403,00002403
pilot:U_00002403_10:V_00002408_03,pilot,impostor,10,U_00002403_10,V_00002408_03,00002403,00002408
pilot:U_00002403_10:V_00002408_10,pilot,impostor,10,U_00002403_10,V_00002408_10,00002403,00002408
pilot:U_00002403_10:V_00002412_03,pilot,impostor,10,U_00002403_10,V_00002412_03,00002403,00002412
pilot:U_00002403_10:V_00002412_10,pilot,impostor,10,U_00002403_10,V_00002412_10,00002403,00002412
pilot:U_00002403_10:V_00002420_10,pilot,impostor,10,U_00002403_10,V_00002420_10,00002403,00002420
pilot:U_00002403_10:V_00002424_03,pilot,impostor,10,U_00002403_10,V_00002424_03,00002403,00002424
pilot:U_00002403_10:V_00002424_10,pilot,impostor,10,U_00002403_10,V_00002424_10,00002403,00002424
pilot:U_00002403_10:V_00002433_10,pilot,impostor,10,U_00002403_10,V_00002433_10,00002403,00002433
pilot:U_00002403_10:V_00002493_06,pilot,impostor,10,U_00002403_10,V_00002493_06,00002403,00002493
pilot:U_00002403_10:V_00002493_10,pilot,impostor,10,U_00002403_10,V_00002493_10,00002403,00002493
pilot:U_00002403_10:V_00002499_01,pilot,impostor,10,U_00002403_10,V_00002499_01,00002403,00002499
pilot:U_00002403_10:V_00002500_05,pilot,impostor,10,U_00002403_10,V_00002500_05,00002403,00002500
pilot:U_00002403_10:V_00002630_10,pilot,impostor,10,U_00002403_10,V_00002630_10,00002403,00002630
pilot:U_00002403_10:V_00002634_07,pilot,impostor,10,U_00002403_10,V_00002634_07,00002403,00002634
pilot:U_00002408_03:V_00002304_03,pilot,impostor,3,U_00002408_03,V_00002304_03,00002408,00002304
pilot:U_00002408_03:V_00002304_10,pilot,impostor,3,U_00002408_03,V_00002304_10,00002408,00002304
pilot:U_00002408_03:V_00002319_03,pilot,impostor,3,U_00002408_03,V_00002319_03,00002408,00002319
pilot:U_00002408_03:V_00002319_10,pilot,impostor,3,U_00002408_03,V_00002319_10,00002408,00002319
pilot:U_00002408_03:V_00002326_03,pilot,impostor,3,U_00002408_03,V_00002326_03,00002408,00002326
pilot:U_00002408_03:V_00002326_10,pilot,impostor,3,U_00002408_03,V_00002326_10,00002408,00002326
pilot:U_00002408_03:V_00002329_01,pilot,impostor,3,U_00002408_03,V_00002329_01,00002408,00002329
pilot:U_00002408_03:V_00002354_03,pilot,impostor,3,U_00002408_03,V_00002354_03,00002408,00002354
pilot:U_00002408_03:V_00002371_07,pilot,impostor,3,U_00002408_03,V_00002371_07,00002408,00002371
pilot:U_00002408_03:V_00002383_03,pilot,impostor,3,U_00002408_03,V_00002383_03,00002408,00002383
pilot:U_00002408_03:V_00002383_10,pilot,impostor,3,U_00002408_03,V_00002383_10,00002408,00002383
pilot:U_00002408_03:V_00002402_03,pilot,impostor,3,U_00002408_03,V_00002402_03,00002408,00002402
pilot:U_00002408_03:V_00002402_10,pilot,impostor,3,U_00002408_03,V_00002402_10,00002408,00002402
pilot:U_00002408_03:V_00002403_03,pilot,impostor,3,U_00002408_03,V_00002403_03,00002408,00002403
pilot:U_00002408_03:V_00002403_10,pilot,impostor,3,U_00002408_03,V_00002403_10,00002408,00002403
pilot:U_00002408_03:V_00002408_03,pilot,genuine,3,U_00002408_03,V_00002408_03,00002408,00002408
pilot:U_00002408_03:V_00002408_10,pilot,impostor,3,U_00002408_03,V_00002408_10,00002408,00002408
pilot:U_00002408_03:V_00002412_03,pilot,impostor,3,U_00002408_03,V_00002412_03,00002408,00002412
pilot:U_00002408_03:V_00002412_10,pilot,impostor,3,U_00002408_03,V_00002412_10,00002408,00002412
pilot:U_00002408_03:V_00002420_03,pilot,impostor,3,U_00002408_03,V_00002420_03,00002408,00002420
pilot:U_00002408_03:V_00002420_10,pilot,impostor,3,U_00002408_03,V_00002420_10,00002408,00002420
pilot:U_00002408_03:V_00002424_03,pilot,impostor,3,U_00002408_03,V_00002424_03,00002408,00002424
pilot:U_00002408_03:V_00002424_10,pilot,impostor,3,U_00002408_03,V_00002424_10,00002408,00002424
pilot:U_00002408_03:V_00002433_10,pilot,impostor,3,U_00002408_03,V_00002433_10,00002408,00002433
pilot:U_00002408_03:V_00002493_06,pilot,impostor,3,U_00002408_03,V_00002493_06,00002408,00002493
pilot:U_00002408_03:V_00002493_10,pilot,impostor,3,U_00002408_03,V_00002493_10,00002408,00002493
pilot:U_00002408_03:V_00002499_01,pilot,impostor,3,U_00002408_03,V_00002499_01,00002408,00002499
pilot:U_00002408_03:V_00002500_05,pilot,impostor,3,U_00002408_03,V_00002500_05,00002408,00002500
pilot:U_00002408_03:V_00002630_10,pilot,impostor,3,U_00002408_03,V_00002630_10,00002408,00002630
pilot:U_00002408_03:V_00002634_07,pilot,impostor,3,U_00002408_03,V_00002634_07,00002408,00002634
pilot:U_00002408_10:V_00002304_03,pilot,impostor,10,U_00002408_10,V_00002304_03,00002408,00002304
pilot:U_00002408_10:V_00002304_10,pilot,impostor,10,U_00002408_10,V_00002304_10,00002408,00002304
pilot:U_00002408_10:V_00002319_03,pilot,impostor,10,U_00002408_10,V_00002319_03,00002408,00002319
pilot:U_00002408_10:V_00002319_10,pilot,impostor,10,U_00002408_10,V_00002319_10,00002408,00002319
pilot:U_00002408_10:V_00002326_03,pilot,impostor,10,U_00002408_10,V_00002326_03,00002408,00002326
pilot:U_00002408_10:V_00002326_10,pilot,impostor,10,U_00002408_10,V_00002326_10,00002408,00002326
pilot:U_00002408_10:V_00002329_01,pilot,impostor,10,U_00002408_10,V_00002329_01,00002408,00002329
pilot:U_00002408_10:V_00002354_03,pilot,impostor,10,U_00002408_10,V_00002354_03,00002408,00002354
pilot:U_00002408_10:V_00002371_07,pilot,impostor,10,U_00002408_10,V_00002371_07,00002408,00002371
pilot:U_00002408_10:V_00002383_03,pilot,impostor,10,U_00002408_10,V_00002383_03,00002408,00002383
pilot:U_00002408_10:V_00002383_10,pilot,impostor,10,U_00002408_10,V_00002383_10,00002408,00002383
pilot:U_00002408_10:V_00002402_03,pilot,impostor,10,U_00002408_10,V_00002402_03,00002408,00002402
pilot:U_00002408_10:V_00002402_10,pilot,impostor,10,U_00002408_10,V_00002402_10,00002408,00002402
pilot:U_00002408_10:V_00002403_03,pilot,impostor,10,U_00002408_10,V_00002403_03,00002408,00002403
pilot:U_00002408_10:V_00002403_10,pilot,impostor,10,U_00002408_10,V_00002403_10,00002408,00002403
pilot:U_00002408_10:V_00002408_03,pilot,impostor,10,U_00002408_10,V_00002408_03,00002408,00002408
pilot:U_00002408_10:V_00002408_10,pilot,genuine,10,U_00002408_10,V_00002408_10,00002408,00002408
pilot:U_00002408_10:V_00002412_03,pilot,impostor,10,U_00002408_10,V_00002412_03,00002408,00002412
pilot:U_00002408_10:V_00002412_10,pilot,impostor,10,U_00002408_10,V_00002412_10,00002408,00002412
pilot:U_00002408_10:V_00002420_03,pilot,impostor,10,U_00002408_10,V_00002420_03,00002408,00002420
pilot:U_00002408_10:V_00002420_10,pilot,impostor,10,U_00002408_10,V_00002420_10,00002408,00002420
pilot:U_00002408_10:V_00002424_03,pilot,impostor,10,U_00002408_10,V_00002424_03,00002408,00002424
pilot:U_00002408_10:V_00002424_10,pilot,impostor,10,U_00002408_10,V_00002424_10,00002408,00002424
pilot:U_00002408_10:V_00002433_10,pilot,impostor,10,U_00002408_10,V_00002433_10,00002408,00002433
pilot:U_00002408_10:V_00002493_06,pilot,impostor,10,U_00002408_10,V_00002493_06,00002408,00002493
pilot:U_00002408_10:V_00002493_10,pilot,impostor,10,U_00002408_10,V_00002493_10,00002408,00002493
pilot:U_00002408_10:V_00002499_01,pilot,impostor,10,U_00002408_10,V_00002499_01,00002408,00002499
pilot:U_00002408_10:V_00002500_05,pilot,impostor,10,U_00002408_10,V_00002500_05,00002408,00002500
pilot:U_00002408_10:V_00002630_10,pilot,impostor,10,U_00002408_10,V_00002630_10,00002408,00002630
pilot:U_00002408_10:V_00002634_07,pilot,impostor,10,U_00002408_10,V_00002634_07,00002408,00002634
pilot:U_00002412_03:V_00002304_03,pilot,impostor,3,U_00002412_03,V_00002304_03,00002412,00002304
pilot:U_00002412_03:V_00002304_10,pilot,impostor,3,U_00002412_03,V_00002304_10,00002412,00002304
pilot:U_00002412_03:V_00002319_03,pilot,impostor,3,U_00002412_03,V_00002319_03,00002412,00002319
pilot:U_00002412_03:V_00002319_10,pilot,impostor,3,U_00002412_03,V_00002319_10,00002412,00002319
pilot:U_00002412_03:V_00002326_03,pilot,impostor,3,U_00002412_03,V_00002326_03,00002412,00002326
pilot:U_00002412_03:V_00002326_10,pilot,impostor,3,U_00002412_03,V_00002326_10,00002412,00002326
pilot:U_00002412_03:V_00002329_01,pilot,impostor,3,U_00002412_03,V_00002329_01,00002412,00002329
pilot:U_00002412_03:V_00002354_03,pilot,impostor,3,U_00002412_03,V_00002354_03,00002412,00002354
pilot:U_00002412_03:V_00002371_07,pilot,impostor,3,U_00002412_03,V_00002371_07,00002412,00002371
pilot:U_00002412_03:V_00002383_03,pilot,impostor,3,U_00002412_03,V_00002383_03,00002412,00002383
pilot:U_00002412_03:V_00002383_10,pilot,impostor,3,U_00002412_03,V_00002383_10,00002412,00002383
pilot:U_00002412_03:V_00002402_03,pilot,impostor,3,U_00002412_03,V_00002402_03,00002412,00002402
pilot:U_00002412_03:V_00002402_10,pilot,impostor,3,U_00002412_03,V_00002402_10,00002412,00002402
pilot:U_00002412_03:V_00002403_03,pilot,impostor,3,U_00002412_03,V_00002403_03,00002412,00002403
pilot:U_00002412_03:V_00002403_10,pilot,impostor,3,U_00002412_03,V_00002403_10,00002412,00002403
pilot:U_00002412_03:V_00002408_03,pilot,impostor,3,U_00002412_03,V_00002408_03,00002412,00002408
pilot:U_00002412_03:V_00002408_10,pilot,impostor,3,U_00002412_03,V_00002408_10,00002412,00002408
pilot:U_00002412_03:V_00002412_03,pilot,genuine,3,U_00002412_03,V_00002412_03,00002412,00002412
pilot:U_00002412_03:V_00002412_10,pilot,impostor,3,U_00002412_03,V_00002412_10,00002412,00002412
pilot:U_00002412_03:V_00002420_03,pilot,impostor,3,U_00002412_03,V_00002420_03,00002412,00002420
pilot:U_00002412_03:V_00002420_10,pilot,impostor,3,U_00002412_03,V_00002420_10,00002412,00002420
pilot:U_00002412_03:V_00002424_03,pilot,impostor,3,U_00002412_03,V_00002424_03,00002412,00002424
pilot:U_00002412_03:V_00002424_10,pilot,impostor,3,U_00002412_03,V_00002424_10,00002412,00002424
pilot:U_00002412_03:V_00002433_10,pilot,impostor,3,U_00002412_03,V_00002433_10,00002412,00002433
pilot:U_00002412_03:V_00002493_06,pilot,impostor,3,U_00002412_03,V_00002493_06,00002412,00002493
pilot:U_00002412_03:V_00002493_10,pilot,impostor,3,U_00002412_03,V_00002493_10,00002412,00002493
pilot:U_00002412_03:V_00002499_01,pilot,impostor,3,U_00002412_03,V_00002499_01,00002412,00002499
pilot:U_00002412_03:V_00002500_05,pilot,impostor,3,U_00002412_03,V_00002500_05,00002412,00002500
pilot:U_00002412_03:V_00002630_10,pilot,impostor,3,U_00002412_03,V_00002630_10,00002412,00002630
pilot:U_00002412_03:V_00002634_07,pilot,impostor,3,U_00002412_03,V_00002634_07,00002412,00002634
pilot:U_00002412_10:V_00002304_03,pilot,impostor,10,U_00002412_10,V_00002304_03,00002412,00002304
pilot:U_00002412_10:V_00002304_10,pilot,impostor,10,U_00002412_10,V_00002304_10,00002412,00002304
pilot:U_00002412_10:V_00002319_03,pilot,impostor,10,U_00002412_10,V_00002319_03,00002412,00002319
pilot:U_00002412_10:V_00002319_10,pilot,impostor,10,U_00002412_10,V_00002319_10,00002412,00002319
pilot:U_00002412_10:V_00002326_03,pilot,impostor,10,U_00002412_10,V_00002326_03,00002412,00002326
pilot:U_00002412_10:V_00002326_10,pilot,impostor,10,U_00002412_10,V_00002326_10,00002412,00002326
pilot:U_00002412_10:V_00002329_01,pilot,impostor,10,U_00002412_10,V_00002329_01,00002412,00002329
pilot:U_00002412_10:V_00002354_03,pilot,impostor,10,U_00002412_10,V_00002354_03,00002412,00002354
pilot:U_00002412_10:V_00002371_07,pilot,impostor,10,U_00002412_10,V_00002371_07,00002412,00002371
pilot:U_00002412_10:V_00002383_03,pilot,impostor,10,U_00002412_10,V_00002383_03,00002412,00002383
pilot:U_00002412_10:V_00002383_10,pilot,impostor,10,U_00002412_10,V_00002383_10,00002412,00002383
pilot:U_00002412_10:V_00002402_03,pilot,impostor,10,U_00002412_10,V_00002402_03,00002412,00002402
pilot:U_00002412_10:V_00002402_10,pilot,impostor,10,U_00002412_10,V_00002402_10,00002412,00002402
pilot:U_00002412_10:V_00002403_10,pilot,impostor,10,U_00002412_10,V_00002403_10,00002412,00002403
pilot:U_00002412_10:V_00002408_03,pilot,impostor,10,U_00002412_10,V_00002408_03,00002412,00002408
pilot:U_00002412_10:V_00002408_10,pilot,impostor,10,U_00002412_10,V_00002408_10,00002412,00002408
pilot:U_00002412_10:V_00002412_03,pilot,impostor,10,U_00002412_10,V_00002412_03,00002412,00002412
pilot:U_00002412_10:V_00002412_10,pilot,genuine,10,U_00002412_10,V_00002412_10,00002412,00002412
pilot:U_00002412_10:V_00002420_03,pilot,impostor,10,U_00002412_10,V_00002420_03,00002412,00002420
pilot:U_00002412_10:V_00002420_10,pilot,impostor,10,U_00002412_10,V_00002420_10,00002412,00002420
pilot:U_00002412_10:V_00002424_03,pilot,impostor,10,U_00002412_10,V_00002424_03,00002412,00002424
pilot:U_00002412_10:V_00002424_10,pilot,impostor,10,U_00002412_10,V_00002424_10,00002412,00002424
pilot:U_00002412_10:V_00002433_10,pilot,impostor,10,U_00002412_10,V_00002433_10,00002412,00002433
pilot:U_00002412_10:V_00002493_06,pilot,impostor,10,U_00002412_10,V_00002493_06,00002412,00002493
pilot:U_00002412_10:V_00002493_10,pilot,impostor,10,U_00002412_10,V_00002493_10,00002412,00002493
pilot:U_00002412_10:V_00002499_01,pilot,impostor,10,U_00002412_10,V_00002499_01,00002412,00002499
pilot:U_00002412_10:V_00002500_05,pilot,impostor,10,U_00002412_10,V_00002500_05,00002412,00002500
pilot:U_00002412_10:V_00002630_10,pilot,impostor,10,U_00002412_10,V_00002630_10,00002412,00002630
pilot:U_00002412_10:V_00002634_07,pilot,impostor,10,U_00002412_10,V_00002634_07,00002412,00002634
pilot:U_00002420_01:V_00002304_03,pilot,impostor,1,U_00002420_01,V_00002304_03,00002420,00002304
pilot:U_00002420_01:V_00002304_10,pilot,impostor,1,U_00002420_01,V_00002304_10,00002420,00002304
pilot:U_00002420_01:V_00002319_03,pilot,impostor,1,U_00002420_01,V_00002319_03,00002420,00002319
pilot:U_00002420_01:V_00002319_10,pilot,impostor,1,U_00002420_01,V_00002319_10,00002420,00002319
pilot:U_00002420_01:V_00002326_03,pilot,impostor,1,U_00002420_01,V_00002326_03,00002420,00002326
pilot:U_00002420_01:V_00002326_10,pilot,impostor,1,U_00002420_01,V_00002326_10,00002420,00002326
pilot:U_00002420_01:V_00002329_01,pilot,impostor,1,U_00002420_01,V_00002329_01,00002420,00002329
pilot:U_00002420_01:V_00002354_03,pilot,impostor,1,U_00002420_01,V_00002354_03,00002420,00002354
pilot:U_00002420_01:V_00002371_07,pilot,impostor,1,U_00002420_01,V_00002371_07,00002420,00002371
pilot:U_00002420_01:V_00002383_03,pilot,impostor,1,U_00002420_01,V_00002383_03,00002420,00002383
pilot:U_00002420_01:V_00002383_10,pilot,impostor,1,U_00002420_01,V_00002383_10,00002420,00002383
pilot:U_00002420_01:V_00002402_03,pilot,impostor,1,U_00002420_01,V_00002402_03,00002420,00002402
pilot:U_00002420_01:V_00002402_10,pilot,impostor,1,U_00002420_01,V_00002402_10,00002420,00002402
pilot:U_00002420_01:V_00002403_03,pilot,impostor,1,U_00002420_01,V_00002403_03,00002420,00002403
pilot:U_00002420_01:V_00002403_10,pilot,impostor,1,U_00002420_01,V_00002403_10,00002420,00002403
pilot:U_00002420_01:V_00002408_03,pilot,impostor,1,U_00002420_01,V_00002408_03,00002420,00002408
pilot:U_00002420_01:V_00002408_10,pilot,impostor,1,U_00002420_01,V_00002408_10,00002420,00002408
pilot:U_00002420_01:V_00002412_03,pilot,impostor,1,U_00002420_01,V_00002412_03,00002420,00002412
pilot:U_00002420_01:V_00002412_10,pilot,impostor,1,U_00002420_01,V_00002412_10,00002420,00002412
pilot:U_00002420_01:V_00002420_03,pilot,impostor,1,U_00002420_01,V_00002420_03,00002420,00002420
pilot:U_00002420_01:V_00002424_03,pilot,impostor,1,U_00002420_01,V_00002424_03,00002420,00002424
pilot:U_00002420_01:V_00002424_10,pilot,impostor,1,U_00002420_01,V_00002424_10,00002420,00002424
pilot:U_00002420_01:V_00002433_10,pilot,impostor,1,U_00002420_01,V_00002433_10,00002420,00002433
pilot:U_00002420_01:V_00002493_06,pilot,impostor,1,U_00002420_01,V_00002493_06,00002420,00002493
pilot:U_00002420_01:V_00002493_10,pilot,impostor,1,U_00002420_01,V_00002493_10,00002420,00002493
pilot:U_00002420_01:V_00002499_01,pilot,impostor,1,U_00002420_01,V_00002499_01,00002420,00002499
pilot:U_00002420_01:V_00002500_05,pilot,impostor,1,U_00002420_01,V_00002500_05,00002420,00002500
pilot:U_00002420_01:V_00002630_10,pilot,impostor,1,U_00002420_01,V_00002630_10,00002420,00002630
pilot:U_00002420_01:V_00002634_07,pilot,impostor,1,U_00002420_01,V_00002634_07,00002420,00002634
pilot:U_00002420_03:V_00002304_03,pilot,impostor,3,U_00002420_03,V_00002304_03,00002420,00002304
pilot:U_00002420_03:V_00002319_03,pilot,impostor,3,U_00002420_03,V_00002319_03,00002420,00002319
pilot:U_00002420_03:V_00002319_10,pilot,impostor,3,U_00002420_03,V_00002319_10,00002420,00002319
pilot:U_00002420_03:V_00002326_03,pilot,impostor,3,U_00002420_03,V_00002326_03,00002420,00002326
pilot:U_00002420_03:V_00002326_10,pilot,impostor,3,U_00002420_03,V_00002326_10,00002420,00002326
pilot:U_00002420_03:V_00002329_01,pilot,impostor,3,U_00002420_03,V_00002329_01,00002420,00002329
pilot:U_00002420_03:V_00002354_03,pilot,impostor,3,U_00002420_03,V_00002354_03,00002420,00002354
pilot:U_00002420_03:V_00002371_07,pilot,impostor,3,U_00002420_03,V_00002371_07,00002420,00002371
pilot:U_00002420_03:V_00002383_03,pilot,impostor,3,U_00002420_03,V_00002383_03,00002420,00002383
pilot:U_00002420_03:V_00002383_10,pilot,impostor,3,U_00002420_03,V_00002383_10,00002420,00002383
pilot:U_00002420_03:V_00002402_03,pilot,impostor,3,U_00002420_03,V_00002402_03,00002420,00002402
pilot:U_00002420_03:V_00002402_10,pilot,impostor,3,U_00002420_03,V_00002402_10,00002420,00002402
pilot:U_00002420_03:V_00002403_03,pilot,impostor,3,U_00002420_03,V_00002403_03,00002420,00002403
pilot:U_00002420_03:V_00002403_10,pilot,impostor,3,U_00002420_03,V_00002403_10,00002420,00002403
pilot:U_00002420_03:V_00002408_03,pilot,impostor,3,U_00002420_03,V_00002408_03,00002420,00002408
pilot:U_00002420_03:V_00002408_10,pilot,impostor,3,U_00002420_03,V_00002408_10,00002420,00002408
pilot:U_00002420_03:V_00002412_03,pilot,impostor,3,U_00002420_03,V_00002412_03,00002420,00002412
pilot:U_00002420_03:V_00002412_10,pilot,impostor,3,U_00002420_03,V_00002412_10,00002420,00002412
pilot:U_00002420_03:V_00002420_03,pilot,genuine,3,U_00002420_03,V_00002420_03,00002420,00002420
pilot:U_00002420_03:V_00002420_10,pilot,impostor,3,U_00002420_03,V_00002420_10,00002420,00002420
pilot:U_00002420_03:V_00002424_03,pilot,impostor,3,U_00002420_03,V_00002424_03,00002420,00002424
pilot:U_00002420_03:V_00002424_10,pilot,impostor,3,U_00002420_03,V_00002424_10,00002420,00002424
pilot:U_00002420_03:V_00002433_10,pilot,impostor,3,U_00002420_03,V_00002433_10,00002420,00002433
pilot:U_00002420_03:V_00002493_06,pilot,impostor,3,U_00002420_03,V_00002493_06,00002420,00002493
pilot:U_00002420_03:V_00002493_10,pilot,impostor,3,U_00002420_03,V_00002493_10,00002420,00002493
pilot:U_00002420_03:V_00002499_01,pilot,impostor,3,U_00002420_03,V_00002499_01,00002420,00002499
pilot:U_00002420_03:V_00002500_05,pilot,impostor,3,U_00002420_03,V_00002500_05,00002420,00002500
pilot:U_00002420_03:V_00002630_10,pilot,impostor,3,U_00002420_03,V_00002630_10,00002420,00002630
pilot:U_00002420_03:V_00002634_07,pilot,impostor,3,U_00002420_03,V_00002634_07,00002420,00002634
pilot:U_00002420_10:V_00002304_03,pilot,impostor,10,U_00002420_10,V_00002304_03,00002420,00002304
pilot:U_00002420_10:V_00002304_10,pilot,impostor,10,U_00002420_10,V_00002304_10,00002420,00002304
pilot:U_00002420_10:V_00002319_03,pilot,impostor,10,U_00002420_10,V_00002319_03,00002420,00002319
pilot:U_00002420_10:V_00002319_10,pilot,impostor,10,U_00002420_10,V_00002319_10,00002420,00002319
pilot:U_00002420_10:V_00002326_03,pilot,impostor,10,U_00002420_10,V_00002326_03,00002420,00002326
pilot:U_00002420_10:V_00002326_10,pilot,impostor,10,U_00002420_10,V_00002326_10,00002420,00002326
pilot:U_00002420_10:V_00002329_01,pilot,impostor,10,U_00002420_10,V_00002329_01,00002420,00002329
pilot:U_00002420_10:V_00002354_03,pilot,impostor,10,U_00002420_10,V_00002354_03,00002420,00002354
pilot:U_00002420_10:V_00002371_07,pilot,impostor,10,U_00002420_10,V_00002371_07,00002420,00002371
pilot:U_00002420_10:V_00002383_03,pilot,impostor,10,U_00002420_10,V_00002383_03,00002420,00002383
pilot:U_00002420_10:V_00002383_10,pilot,impostor,10,U_00002420_10,V_00002383_10,00002420,00002383
pilot:U_00002420_10:V_00002402_03,pilot,impostor,10,U_00002420_10,V_00002402_03,00002420,00002402
pilot:U_00002420_10:V_00002402_10,pilot,impostor,10,U_00002420_10,V_00002402_10,00002420,00002402
pilot:U_00002420_10:V_00002403_03,pilot,impostor,10,U_00002420_10,V_00002403_03,00002420,00002403
pilot:U_00002420_10:V_00002403_10,pilot,impostor,10,U_00002420_10,V_00002403_10,00002420,00002403
pilot:U_00002420_10:V_00002408_03,pilot,impostor,10,U_00002420_10,V_00002408_03,00002420,00002408
pilot:U_00002420_10:V_00002408_10,pilot,impostor,10,U_00002420_10,V_00002408_10,00002420,00002408
pilot:U_00002420_10:V_00002412_03,pilot,impostor,10,U_00002420_10,V_00002412_03,00002420,00002412
pilot:U_00002420_10:V_00002412_10,pilot,impostor,10,U_00002420_10,V_00002412_10,00002420,00002412
pilot:U_00002420_10:V_00002420_03,pilot,impostor,10,U_00002420_10,V_00002420_03,00002420,00002420
pilot:U_00002420_10:V_00002420_10,pilot,genuine,10,U_00002420_10,V_00002420_10,00002420,00002420
pilot:U_00002420_10:V_00002424_03,pilot,impostor,10,U_00002420_10,V_00002424_03,00002420,00002424
pilot:U_00002420_10:V_00002424_10,pilot,impostor,10,U_00002420_10,V_00002424_10,00002420,00002424
pilot:U_00002420_10:V_00002433_10,pilot,impostor,10,U_00002420_10,V_00002433_10,00002420,00002433
pilot:U_00002420_10:V_00002493_06,pilot,impostor,10,U_00002420_10,V_00002493_06,00002420,00002493
pilot:U_00002420_10:V_00002493_10,pilot,impostor,10,U_00002420_10,V_00002493_10,00002420,00002493
pilot:U_00002420_10:V_00002499_01,pilot,impostor,10,U_00002420_10,V_00002499_01,00002420,00002499
pilot:U_00002420_10:V_00002500_05,pilot,impostor,10,U_00002420_10,V_00002500_05,00002420,00002500
pilot:U_00002420_10:V_00002630_10,pilot,impostor,10,U_00002420_10,V_00002630_10,00002420,00002630
pilot:U_00002420_10:V_00002634_07,pilot,impostor,10,U_00002420_10,V_00002634_07,00002420,00002634
pilot:U_00002424_03:V_00002304_03,pilot,impostor,3,U_00002424_03,V_00002304_03,00002424,00002304
pilot:U_00002424_03:V_00002304_10,pilot,impostor,3,U_00002424_03,V_00002304_10,00002424,00002304
pilot:U_00002424_03:V_00002319_03,pilot,impostor,3,U_00002424_03,V_00002319_03,00002424,00002319
pilot:U_00002424_03:V_00002319_10,pilot,impostor,3,U_00002424_03,V_00002319_10,00002424,00002319
pilot:U_00002424_03:V_00002326_03,pilot,impostor,3,U_00002424_03,V_00002326_03,00002424,00002326
pilot:U_00002424_03:V_00002326_10,pilot,impostor,3,U_00002424_03,V_00002326_10,00002424,00002326
pilot:U_00002424_03:V_00002329_01,pilot,impostor,3,U_00002424_03,V_00002329_01,00002424,00002329
pilot:U_00002424_03:V_00002354_03,pilot,impostor,3,U_00002424_03,V_00002354_03,00002424,00002354
pilot:U_00002424_03:V_00002371_07,pilot,impostor,3,U_00002424_03,V_00002371_07,00002424,00002371
pilot:U_00002424_03:V_00002383_03,pilot,impostor,3,U_00002424_03,V_00002383_03,00002424,00002383
pilot:U_00002424_03:V_00002383_10,pilot,impostor,3,U_00002424_03,V_00002383_10,00002424,00002383
pilot:U_00002424_03:V_00002402_03,pilot,impostor,3,U_00002424_03,V_00002402_03,00002424,00002402
pilot:U_00002424_03:V_00002402_10,pilot,impostor,3,U_00002424_03,V_00002402_10,00002424,00002402
pilot:U_00002424_03:V_00002403_03,pilot,impostor,3,U_00002424_03,V_00002403_03,00002424,00002403
pilot:U_00002424_03:V_00002403_10,pilot,impostor,3,U_00002424_03,V_00002403_10,00002424,00002403
pilot:U_00002424_03:V_00002408_03,pilot,impostor,3,U_00002424_03,V_00002408_03,00002424,00002408
pilot:U_00002424_03:V_00002408_10,pilot,impostor,3,U_00002424_03,V_00002408_10,00002424,00002408
pilot:U_00002424_03:V_00002412_03,pilot,impostor,3,U_00002424_03,V_00002412_03,00002424,00002412
pilot:U_00002424_03:V_00002412_10,pilot,impostor,3,U_00002424_03,V_00002412_10,00002424,00002412
pilot:U_00002424_03:V_00002420_03,pilot,impostor,3,U_00002424_03,V_00002420_03,00002424,00002420
pilot:U_00002424_03:V_00002420_10,pilot,impostor,3,U_00002424_03,V_00002420_10,00002424,00002420
pilot:U_00002424_03:V_00002424_03,pilot,genuine,3,U_00002424_03,V_00002424_03,00002424,00002424
pilot:U_00002424_03:V_00002424_10,pilot,impostor,3,U_00002424_03,V_00002424_10,00002424,00002424
pilot:U_00002424_03:V_00002433_10,pilot,impostor,3,U_00002424_03,V_00002433_10,00002424,00002433
pilot:U_00002424_03:V_00002493_06,pilot,impostor,3,U_00002424_03,V_00002493_06,00002424,00002493
pilot:U_00002424_03:V_00002493_10,pilot,impostor,3,U_00002424_03,V_00002493_10,00002424,00002493
pilot:U_00002424_03:V_00002499_01,pilot,impostor,3,U_00002424_03,V_00002499_01,00002424,00002499
pilot:U_00002424_03:V_00002500_05,pilot,impostor,3,U_00002424_03,V_00002500_05,00002424,00002500
pilot:U_00002424_03:V_00002630_10,pilot,impostor,3,U_00002424_03,V_00002630_10,00002424,00002630
pilot:U_00002424_10:V_00002304_03,pilot,impostor,10,U_00002424_10,V_00002304_03,00002424,00002304
pilot:U_00002424_10:V_00002319_03,pilot,impostor,10,U_00002424_10,V_00002319_03,00002424,00002319
pilot:U_00002424_10:V_00002319_10,pilot,impostor,10,U_00002424_10,V_00002319_10,00002424,00002319
pilot:U_00002424_10:V_00002326_03,pilot,impostor,10,U_00002424_10,V_00002326_03,00002424,00002326
pilot:U_00002424_10:V_00002326_10,pilot,impostor,10,U_00002424_10,V_00002326_10,00002424,00002326
pilot:U_00002424_10:V_00002329_01,pilot,impostor,10,U_00002424_10,V_00002329_01,00002424,00002329
pilot:U_00002424_10:V_00002354_03,pilot,impostor,10,U_00002424_10,V_00002354_03,00002424,00002354
pilot:U_00002424_10:V_00002371_07,pilot,impostor,10,U_00002424_10,V_00002371_07,00002424,00002371
pilot:U_00002424_10:V_00002383_03,pilot,impostor,10,U_00002424_10,V_00002383_03,00002424,00002383
pilot:U_00002424_10:V_00002383_10,pilot,impostor,10,U_00002424_10,V_00002383_10,00002424,00002383
pilot:U_00002424_10:V_00002402_03,pilot,impostor,10,U_00002424_10,V_00002402_03,00002424,00002402
pilot:U_00002424_10:V_00002402_10,pilot,impostor,10,U_00002424_10,V_00002402_10,00002424,00002402
pilot:U_00002424_10:V_00002403_03,pilot,impostor,10,U_00002424_10,V_00002403_03,00002424,00002403
pilot:U_00002424_10:V_00002403_10,pilot,impostor,10,U_00002424_10,V_00002403_10,00002424,00002403
pilot:U_00002424_10:V_00002408_10,pilot,impostor,10,U_00002424_10,V_00002408_10,00002424,00002408
pilot:U_00002424_10:V_00002412_03,pilot,impostor,10,U_00002424_10,V_00002412_03,00002424,00002412
pilot:U_00002424_10:V_00002412_10,pilot,impostor,10,U_00002424_10,V_00002412_10,00002424,00002412
pilot:U_00002424_10:V_00002420_03,pilot,impostor,10,U_00002424_10,V_00002420_03,00002424,00002420
pilot:U_00002424_10:V_00002420_10,pilot,impostor,10,U_00002424_10,V_00002420_10,00002424,00002420
pilot:U_00002424_10:V_00002424_03,pilot,impostor,10,U_00002424_10,V_00002424_03,00002424,00002424
pilot:U_00002424_10:V_00002424_10,pilot,genuine,10,U_00002424_10,V_00002424_10,00002424,00002424
pilot:U_00002424_10:V_00002433_10,pilot,impostor,10,U_00002424_10,V_00002433_10,00002424,00002433
pilot:U_00002424_10:V_00002493_06,pilot,impostor,10,U_00002424_10,V_00002493_06,00002424,00002493
pilot:U_00002424_10:V_00002493_10,pilot,impostor,10,U_00002424_10,V_00002493_10,00002424,00002493
pilot:U_00002424_10:V_00002499_01,pilot,impostor,10,U_00002424_10,V_00002499_01,00002424,00002499
pilot:U_00002424_10:V_00002500_05,pilot,impostor,10,U_00002424_10,V_00002500_05,00002424,00002500
pilot:U_00002424_10:V_00002630_10,pilot,impostor,10,U_00002424_10,V_00002630_10,00002424,00002630
pilot:U_00002424_10:V_00002634_07,pilot,impostor,10,U_00002424_10,V_00002634_07,00002424,00002634
pilot:U_00002433_02:V_00002304_03,pilot,impostor,2,U_00002433_02,V_00002304_03,00002433,00002304
pilot:U_00002433_02:V_00002319_03,pilot,impostor,2,U_00002433_02,V_00002319_03,00002433,00002319
pilot:U_00002433_02:V_00002319_10,pilot,impostor,2,U_00002433_02,V_00002319_10,00002433,00002319
pilot:U_00002433_02:V_00002326_03,pilot,impostor,2,U_00002433_02,V_00002326_03,00002433,00002326
pilot:U_00002433_02:V_00002326_10,pilot,impostor,2,U_00002433_02,V_00002326_10,00002433,00002326
pilot:U_00002433_02:V_00002329_01,pilot,impostor,2,U_00002433_02,V_00002329_01,00002433,00002329
pilot:U_00002433_02:V_00002354_03,pilot,impostor,2,U_00002433_02,V_00002354_03,00002433,00002354
pilot:U_00002433_02:V_00002371_07,pilot,impostor,2,U_00002433_02,V_00002371_07,00002433,00002371
pilot:U_00002433_02:V_00002383_03,pilot,impostor,2,U_00002433_02,V_00002383_03,00002433,00002383
pilot:U_00002433_02:V_00002383_10,pilot,impostor,2,U_00002433_02,V_00002383_10,00002433,00002383
pilot:U_00002433_02:V_00002402_03,pilot,impostor,2,U_00002433_02,V_00002402_03,00002433,00002402
pilot:U_00002433_02:V_00002402_10,pilot,impostor,2,U_00002433_02,V_00002402_10,00002433,00002402
pilot:U_00002433_02:V_00002403_03,pilot,impostor,2,U_00002433_02,V_00002403_03,00002433,00002403
pilot:U_00002433_02:V_00002403_10,pilot,impostor,2,U_00002433_02,V_00002403_10,00002433,00002403
pilot:U_00002433_02:V_00002408_03,pilot,impostor,2,U_00002433_02,V_00002408_03,00002433,00002408
pilot:U_00002433_02:V_00002408_10,pilot,impostor,2,U_00002433_02,V_00002408_10,00002433,00002408
pilot:U_00002433_02:V_00002412_03,pilot,impostor,2,U_00002433_02,V_00002412_03,00002433,00002412
pilot:U_00002433_02:V_00002412_10,pilot,impostor,2,U_00002433_02,V_00002412_10,00002433,00002412
pilot:U_00002433_02:V_00002420_10,pilot,impostor,2,U_00002433_02,V_00002420_10,00002433,00002420
pilot:U_00002433_02:V_00002424_03,pilot,impostor,2,U_00002433_02,V_00002424_03,00002433,00002424
pilot:U_00002433_02:V_00002424_10,pilot,impostor,2,U_00002433_02,V_00002424_10,00002433,00002424
pilot:U_00002433_02:V_00002433_10,pilot,impostor,2,U_00002433_02,V_00002433_10,00002433,00002433
pilot:U_00002433_02:V_00002493_10,pilot,impostor,2,U_00002433_02,V_00002493_10,00002433,00002493
pilot:U_00002433_02:V_00002499_01,pilot,impostor,2,U_00002433_02,V_00002499_01,00002433,00002499
pilot:U_00002433_02:V_00002500_05,pilot,impostor,2,U_00002433_02,V_00002500_05,00002433,00002500
pilot:U_00002433_02:V_00002630_10,pilot,impostor,2,U_00002433_02,V_00002630_10,00002433,00002630
pilot:U_00002433_02:V_00002634_07,pilot,impostor,2,U_00002433_02,V_00002634_07,00002433,00002634
pilot:U_00002439_04:V_00002304_03,pilot,impostor,4,U_00002439_04,V_00002304_03,00002439,00002304
pilot:U_00002439_04:V_00002304_10,pilot,impostor,4,U_00002439_04,V_00002304_10,00002439,00002304
pilot:U_00002439_04:V_00002319_03,pilot,impostor,4,U_00002439_04,V_00002319_03,00002439,00002319
pilot:U_00002439_04:V_00002319_10,pilot,impostor,4,U_00002439_04,V_00002319_10,00002439,00002319
pilot:U_00002439_04:V_00002326_03,pilot,impostor,4,U_00002439_04,V_00002326_03,00002439,00002326
pilot:U_00002439_04:V_00002326_10,pilot,impostor,4,U_00002439_04,V_00002326_10,00002439,00002326
pilot:U_00002439_04:V_00002329_01,pilot,impostor,4,U_00002439_04,V_00002329_01,00002439,00002329
pilot:U_00002439_04:V_00002354_03,pilot,impostor,4,U_00002439_04,V_00002354_03,00002439,00002354
pilot:U_00002439_04:V_00002371_07,pilot,impostor,4,U_00002439_04,V_00002371_07,00002439,00002371
pilot:U_00002439_04:V_00002383_03,pilot,impostor,4,U_00002439_04,V_00002383_03,00002439,00002383
pilot:U_00002439_04:V_00002383_10,pilot,impostor,4,U_00002439_04,V_00002383_10,00002439,00002383
pilot:U_00002439_04:V_00002402_03,pilot,impostor,4,U_00002439_04,V_00002402_03,00002439,00002402
pilot:U_00002439_04:V_00002402_10,pilot,impostor,4,U_00002439_04,V_00002402_10,00002439,00002402
pilot:U_00002439_04:V_00002403_03,pilot,impostor,4,U_00002439_04,V_00002403_03,00002439,00002403
pilot:U_00002439_04:V_00002403_10,pilot,impostor,4,U_00002439_04,V_00002403_10,00002439,00002403
pilot:U_00002439_04:V_00002408_03,pilot,impostor,4,U_00002439_04,V_00002408_03,00002439,00002408
pilot:U_00002439_04:V_00002408_10,pilot,impostor,4,U_00002439_04,V_00002408_10,00002439,00002408
pilot:U_00002439_04:V_00002412_03,pilot,impostor,4,U_00002439_04,V_00002412_03,00002439,00002412
pilot:U_00002439_04:V_00002412_10,pilot,impostor,4,U_00002439_04,V_00002412_10,00002439,00002412
pilot:U_00002439_04:V_00002420_03,pilot,impostor,4,U_00002439_04,V_00002420_03,00002439,00002420
pilot:U_00002439_04:V_00002420_10,pilot,impostor,4,U_00002439_04,V_00002420_10,00002439,00002420
pilot:U_00002439_04:V_00002424_03,pilot,impostor,4,U_00002439_04,V_00002424_03,00002439,00002424
pilot:U_00002439_04:V_00002424_10,pilot,impostor,4,U_00002439_04,V_00002424_10,00002439,00002424
pilot:U_00002439_04:V_00002433_10,pilot,impostor,4,U_00002439_04,V_00002433_10,00002439,00002433
pilot:U_00002439_04:V_00002493_06,pilot,impostor,4,U_00002439_04,V_00002493_06,00002439,00002493
pilot:U_00002439_04:V_00002493_10,pilot,impostor,4,U_00002439_04,V_00002493_10,00002439,00002493
pilot:U_00002439_04:V_00002500_05,pilot,impostor,4,U_00002439_04,V_00002500_05,00002439,00002500
pilot:U_00002439_04:V_00002634_07,pilot,impostor,4,U_00002439_04,V_00002634_07,00002439,00002634
pilot:U_00002439_09:V_00002304_03,pilot,impostor,9,U_00002439_09,V_00002304_03,00002439,00002304
pilot:U_00002439_09:V_00002304_10,pilot,impostor,9,U_00002439_09,V_00002304_10,00002439,00002304
pilot:U_00002439_09:V_00002319_03,pilot,impostor,9,U_00002439_09,V_00002319_03,00002439,00002319
pilot:U_00002439_09:V_00002319_10,pilot,impostor,9,U_00002439_09,V_00002319_10,00002439,00002319
pilot:U_00002439_09:V_00002326_03,pilot,impostor,9,U_00002439_09,V_00002326_03,00002439,00002326
pilot:U_00002439_09:V_00002326_10,pilot,impostor,9,U_00002439_09,V_00002326_10,00002439,00002326
pilot:U_00002439_09:V_00002329_01,pilot,impostor,9,U_00002439_09,V_00002329_01,00002439,00002329
pilot:U_00002439_09:V_00002354_03,pilot,impostor,9,U_00002439_09,V_00002354_03,00002439,00002354
pilot:U_00002439_09:V_00002371_07,pilot,impostor,9,U_00002439_09,V_00002371_07,00002439,00002371
pilot:U_00002439_09:V_00002383_03,pilot,impostor,9,U_00002439_09,V_00002383_03,00002439,00002383
pilot:U_00002439_09:V_00002383_10,pilot,impostor,9,U_00002439_09,V_00002383_10,00002439,00002383
pilot:U_00002439_09:V_00002402_03,pilot,impostor,9,U_00002439_09,V_00002402_03,00002439,00002402
pilot:U_00002439_09:V_00002402_10,pilot,impostor,9,U_00002439_09,V_00002402_10,00002439,00002402
pilot:U_00002439_09:V_00002403_03,pilot,impostor,9,U_00002439_09,V_00002403_03,00002439,00002403
pilot:U_00002439_09:V_00002403_10,pilot,impostor,9,U_00002439_09,V_00002403_10,00002439,00002403
pilot:U_00002439_09:V_00002408_03,pilot,impostor,9,U_00002439_09,V_00002408_03,00002439,00002408
pilot:U_00002439_09:V_00002408_10,pilot,impostor,9,U_00002439_09,V_00002408_10,00002439,00002408
pilot:U_00002439_09:V_00002412_10,pilot,impostor,9,U_00002439_09,V_00002412_10,00002439,00002412
pilot:U_00002439_09:V_00002420_03,pilot,impostor,9,U_00002439_09,V_00002420_03,00002439,00002420
pilot:U_00002439_09:V_00002420_10,pilot,impostor,9,U_00002439_09,V_00002420_10,00002439,00002420
pilot:U_00002439_09:V_00002424_03,pilot,impostor,9,U_00002439_09,V_00002424_03,00002439,00002424
pilot:U_00002439_09:V_00002424_10,pilot,impostor,9,U_00002439_09,V_00002424_10,00002439,00002424
pilot:U_00002439_09:V_00002433_10,pilot,impostor,9,U_00002439_09,V_00002433_10,00002439,00002433
pilot:U_00002439_09:V_00002493_06,pilot,impostor,9,U_00002439_09,V_00002493_06,00002439,00002493
pilot:U_00002439_09:V_00002493_10,pilot,impostor,9,U_00002439_09,V_00002493_10,00002439,00002493
pilot:U_00002439_09:V_00002499_01,pilot,impostor,9,U_00002439_09,V_00002499_01,00002439,00002499
pilot:U_00002439_09:V_00002500_05,pilot,impostor,9,U_00002439_09,V_00002500_05,00002439,00002500
pilot:U_00002439_09:V_00002630_10,pilot,impostor,9,U_00002439_09,V_00002630_10,00002439,00002630
pilot:U_00002439_09:V_00002634_07,pilot,impostor,9,U_00002439_09,V_00002634_07,00002439,00002634
pilot:U_00002478_05:V_00002304_03,pilot,impostor,5,U_00002478_05,V_00002304_03,00002478,00002304
pilot:U_00002478_05:V_00002304_10,pilot,impostor,5,U_00002478_05,V_00002304_10,00002478,00002304
pilot:U_00002478_05:V_00002319_03,pilot,impostor,5,U_00002478_05,V_00002319_03,00002478,00002319
pilot:U_00002478_05:V_00002319_10,pilot,impostor,5,U_00002478_05,V_00002319_10,00002478,00002319
pilot:U_00002478_05:V_00002326_03,pilot,impostor,5,U_00002478_05,V_00002326_03,00002478,00002326
pilot:U_00002478_05:V_00002326_10,pilot,impostor,5,U_00002478_05,V_00002326_10,00002478,00002326
pilot:U_00002478_05:V_00002329_01,pilot,impostor,5,U_00002478_05,V_00002329_01,00002478,00002329
pilot:U_00002478_05:V_00002354_03,pilot,impostor,5,U_00002478_05,V_00002354_03,00002478,00002354
pilot:U_00002478_05:V_00002371_07,pilot,impostor,5,U_00002478_05,V_00002371_07,00002478,00002371
pilot:U_00002478_05:V_00002383_03,pilot,impostor,5,U_00002478_05,V_00002383_03,00002478,00002383
pilot:U_00002478_05:V_00002383_10,pilot,impostor,5,U_00002478_05,V_00002383_10,00002478,00002383
pilot:U_00002478_05:V_00002402_03,pilot,impostor,5,U_00002478_05,V_00002402_03,00002478,00002402
pilot:U_00002478_05:V_00002402_10,pilot,impostor,5,U_00002478_05,V_00002402_10,00002478,00002402
pilot:U_00002478_05:V_00002403_03,pilot,impostor,5,U_00002478_05,V_00002403_03,00002478,00002403
pilot:U_00002478_05:V_00002403_10,pilot,impostor,5,U_00002478_05,V_00002403_10,00002478,00002403
pilot:U_00002478_05:V_00002408_03,pilot,impostor,5,U_00002478_05,V_00002408_03,00002478,00002408
pilot:U_00002478_05:V_00002408_10,pilot,impostor,5,U_00002478_05,V_00002408_10,00002478,00002408
pilot:U_00002478_05:V_00002412_03,pilot,impostor,5,U_00002478_05,V_00002412_03,00002478,00002412
pilot:U_00002478_05:V_00002412_10,pilot,impostor,5,U_00002478_05,V_00002412_10,00002478,00002412
pilot:U_00002478_05:V_00002420_03,pilot,impostor,5,U_00002478_05,V_00002420_03,00002478,00002420
pilot:U_00002478_05:V_00002420_10,pilot,impostor,5,U_00002478_05,V_00002420_10,00002478,00002420
pilot:U_00002478_05:V_00002424_03,pilot,impostor,5,U_00002478_05,V_00002424_03,00002478,00002424
pilot:U_00002478_05:V_00002424_10,pilot,impostor,5,U_00002478_05,V_00002424_10,00002478,00002424
pilot:U_00002478_05:V_00002433_10,pilot,impostor,5,U_00002478_05,V_00002433_10,00002478,00002433
pilot:U_00002478_05:V_00002493_06,pilot,impostor,5,U_00002478_05,V_00002493_06,00002478,00002493
pilot:U_00002478_05:V_00002493_10,pilot,impostor,5,U_00002478_05,V_00002493_10,00002478,00002493
pilot:U_00002478_05:V_00002499_01,pilot,impostor,5,U_00002478_05,V_00002499_01,00002478,00002499
pilot:U_00002478_05:V_00002500_05,pilot,impostor,5,U_00002478_05,V_00002500_05,00002478,00002500
pilot:U_00002478_05:V_00002634_07,pilot,impostor,5,U_00002478_05,V_00002634_07,00002478,00002634
pilot:U_00002504_07:V_00002304_03,pilot,impostor,7,U_00002504_07,V_00002304_03,00002504,00002304
pilot:U_00002504_07:V_00002304_10,pilot,impostor,7,U_00002504_07,V_00002304_10,00002504,00002304
pilot:U_00002504_07:V_00002319_03,pilot,impostor,7,U_00002504_07,V_00002319_03,00002504,00002319
pilot:U_00002504_07:V_00002319_10,pilot,impostor,7,U_00002504_07,V_00002319_10,00002504,00002319
pilot:U_00002504_07:V_00002326_03,pilot,impostor,7,U_00002504_07,V_00002326_03,00002504,00002326
pilot:U_00002504_07:V_00002326_10,pilot,impostor,7,U_00002504_07,V_00002326_10,00002504,00002326
pilot:U_00002504_07:V_00002329_01,pilot,impostor,7,U_00002504_07,V_00002329_01,00002504,00002329
pilot:U_00002504_07:V_00002354_03,pilot,impostor,7,U_00002504_07,V_00002354_03,00002504,00002354
pilot:U_00002504_07:V_00002371_07,pilot,impostor,7,U_00002504_07,V_00002371_07,00002504,00002371
pilot:U_00002504_07:V_00002383_03,pilot,impostor,7,U_00002504_07,V_00002383_03,00002504,00002383
pilot:U_00002504_07:V_00002383_10,pilot,impostor,7,U_00002504_07,V_00002383_10,00002504,00002383
pilot:U_00002504_07:V_00002402_10,pilot,impostor,7,U_00002504_07,V_00002402_10,00002504,00002402
pilot:U_00002504_07:V_00002403_03,pilot,impostor,7,U_00002504_07,V_00002403_03,00002504,00002403
pilot:U_00002504_07:V_00002403_10,pilot,impostor,7,U_00002504_07,V_00002403_10,00002504,00002403
pilot:U_00002504_07:V_00002408_03,pilot,impostor,7,U_00002504_07,V_00002408_03,00002504,00002408
pilot:U_00002504_07:V_00002408_10,pilot,impostor,7,U_00002504_07,V_00002408_10,00002504,00002408
pilot:U_00002504_07:V_00002412_03,pilot,impostor,7,U_00002504_07,V_00002412_03,00002504,00002412
pilot:U_00002504_07:V_00002412_10,pilot,impostor,7,U_00002504_07,V_00002412_10,00002504,00002412
pilot:U_00002504_07:V_00002420_03,pilot,impostor,7,U_00002504_07,V_00002420_03,00002504,00002420
pilot:U_00002504_07:V_00002420_10,pilot,impostor,7,U_00002504_07,V_00002420_10,00002504,00002420
pilot:U_00002504_07:V_00002424_03,pilot,impostor,7,U_00002504_07,V_00002424_03,00002504,00002424
pilot:U_00002504_07:V_00002424_10,pilot,impostor,7,U_00002504_07,V_00002424_10,00002504,00002424
pilot:U_00002504_07:V_00002433_10,pilot,impostor,7,U_00002504_07,V_00002433_10,00002504,00002433
pilot:U_00002504_07:V_00002493_06,pilot,impostor,7,U_00002504_07,V_00002493_06,00002504,00002493
pilot:U_00002504_07:V_00002493_10,pilot,impostor,7,U_00002504_07,V_00002493_10,00002504,00002493
pilot:U_00002504_07:V_00002499_01,pilot,impostor,7,U_00002504_07,V_00002499_01,00002504,00002499
pilot:U_00002504_07:V_00002500_05,pilot,impostor,7,U_00002504_07,V_00002500_05,00002504,00002500
pilot:U_00002504_07:V_00002634_07,pilot,impostor,7,U_00002504_07,V_00002634_07,00002504,00002634
pilot:U_00002533_07:V_00002304_03,pilot,impostor,7,U_00002533_07,V_00002304_03,00002533,00002304
pilot:U_00002533_07:V_00002304_10,pilot,impostor,7,U_00002533_07,V_00002304_10,00002533,00002304
pilot:U_00002533_07:V_00002319_03,pilot,impostor,7,U_00002533_07,V_00002319_03,00002533,00002319
pilot:U_00002533_07:V_00002326_03,pilot,impostor,7,U_00002533_07,V_00002326_03,00002533,00002326
pilot:U_00002533_07:V_00002326_10,pilot,impostor,7,U_00002533_07,V_00002326_10,00002533,00002326
pilot:U_00002533_07:V_00002329_01,pilot,impostor,7,U_00002533_07,V_00002329_01,00002533,00002329
pilot:U_00002533_07:V_00002354_03,pilot,impostor,7,U_00002533_07,V_00002354_03,00002533,00002354
pilot:U_00002533_07:V_00002371_07,pilot,impostor,7,U_00002533_07,V_00002371_07,00002533,00002371
pilot:U_00002533_07:V_00002383_03,pilot,impostor,7,U_00002533_07,V_00002383_03,00002533,00002383
pilot:U_00002533_07:V_00002383_10,pilot,impostor,7,U_00002533_07,V_00002383_10,00002533,00002383
pilot:U_00002533_07:V_00002402_03,pilot,impostor,7,U_00002533_07,V_00002402_03,00002533,00002402
pilot:U_00002533_07:V_00002402_10,pilot,impostor,7,U_00002533_07,V_00002402_10,00002533,00002402
pilot:U_00002533_07:V_00002403_03,pilot,impostor,7,U_00002533_07,V_00002403_03,00002533,00002403
pilot:U_00002533_07:V_00002403_10,pilot,impostor,7,U_00002533_07,V_00002403_10,00002533,00002403
pilot:U_00002533_07:V_00002408_03,pilot,impostor,7,U_00002533_07,V_00002408_03,00002533,00002408
pilot:U_00002533_07:V_00002408_10,pilot,impostor,7,U_00002533_07,V_00002408_10,00002533,00002408
pilot:U_00002533_07:V_00002412_03,pilot,impostor,7,U_00002533_07,V_00002412_03,00002533,00002412
pilot:U_00002533_07:V_00002412_10,pilot,impostor,7,U_00002533_07,V_00002412_10,00002533,00002412
pilot:U_00002533_07:V_00002420_03,pilot,impostor,7,U_00002533_07,V_00002420_03,00002533,00002420
pilot:U_00002533_07:V_00002424_03,pilot,impostor,7,U_00002533_07,V_00002424_03,00002533,00002424
pilot:U_00002533_07:V_00002424_10,pilot,impostor,7,U_00002533_07,V_00002424_10,00002533,00002424
pilot:U_00002533_07:V_00002433_10,pilot,impostor,7,U_00002533_07,V_00002433_10,00002533,00002433
pilot:U_00002533_07:V_00002493_06,pilot,impostor,7,U_00002533_07,V_00002493_06,00002533,00002493
pilot:U_00002533_07:V_00002493_10,pilot,impostor,7,U_00002533_07,V_00002493_10,00002533,00002493
pilot:U_00002533_07:V_00002499_01,pilot,impostor,7,U_00002533_07,V_00002499_01,00002533,00002499
pilot:U_00002533_07:V_00002500_05,pilot,impostor,7,U_00002533_07,V_00002500_05,00002533,00002500
pilot:U_00002533_07:V_00002630_10,pilot,impostor,7,U_00002533_07,V_00002630_10,00002533,00002630
pilot:U_00002533_07:V_00002634_07,pilot,impostor,7,U_00002533_07,V_00002634_07,00002533,00002634
pilot:U_00002555_07:V_00002304_03,pilot,impostor,7,U_00002555_07,V_00002304_03,00002555,00002304
pilot:U_00002555_07:V_00002304_10,pilot,impostor,7,U_00002555_07,V_00002304_10,00002555,00002304
pilot:U_00002555_07:V_00002319_03,pilot,impostor,7,U_00002555_07,V_00002319_03,00002555,00002319
pilot:U_00002555_07:V_00002319_10,pilot,impostor,7,U_00002555_07,V_00002319_10,00002555,00002319
pilot:U_00002555_07:V_00002326_03,pilot,impostor,7,U_00002555_07,V_00002326_03,00002555,00002326
pilot:U_00002555_07:V_00002326_10,pilot,impostor,7,U_00002555_07,V_00002326_10,00002555,00002326
pilot:U_00002555_07:V_00002329_01,pilot,impostor,7,U_00002555_07,V_00002329_01,00002555,00002329
pilot:U_00002555_07:V_00002354_03,pilot,impostor,7,U_00002555_07,V_00002354_03,00002555,00002354
pilot:U_00002555_07:V_00002371_07,pilot,impostor,7,U_00002555_07,V_00002371_07,00002555,00002371
pilot:U_00002555_07:V_00002383_03,pilot,impostor,7,U_00002555_07,V_00002383_03,00002555,00002383
pilot:U_00002555_07:V_00002402_03,pilot,impostor,7,U_00002555_07,V_00002402_03,00002555,00002402
pilot:U_00002555_07:V_00002402_10,pilot,impostor,7,U_00002555_07,V_00002402_10,00002555,00002402
pilot:U_00002555_07:V_00002403_03,pilot,impostor,7,U_00002555_07,V_00002403_03,00002555,00002403
pilot:U_00002555_07:V_00002403_10,pilot,impostor,7,U_00002555_07,V_00002403_10,00002555,00002403
pilot:U_00002555_07:V_00002408_03,pilot,impostor,7,U_00002555_07,V_00002408_03,00002555,00002408
pilot:U_00002555_07:V_00002408_10,pilot,impostor,7,U_00002555_07,V_00002408_10,00002555,00002408
pilot:U_00002555_07:V_00002412_03,pilot,impostor,7,U_00002555_07,V_00002412_03,00002555,00002412
pilot:U_00002555_07:V_00002412_10,pilot,impostor,7,U_00002555_07,V_00002412_10,00002555,00002412
pilot:U_00002555_07:V_00002420_03,pilot,impostor,7,U_00002555_07,V_00002420_03,00002555,00002420
pilot:U_00002555_07:V_00002424_03,pilot,impostor,7,U_00002555_07,V_00002424_03,00002555,00002424
pilot:U_00002555_07:V_00002424_10,pilot,impostor,7,U_00002555_07,V_00002424_10,00002555,00002424
pilot:U_00002555_07:V_00002433_10,pilot,impostor,7,U_00002555_07,V_00002433_10,00002555,00002433
pilot:U_00002555_07:V_00002493_06,pilot,impostor,7,U_00002555_07,V_00002493_06,00002555,00002493
pilot:U_00002555_07:V_00002493_10,pilot,impostor,7,U_00002555_07,V_00002493_10,00002555,00002493
pilot:U_00002555_07:V_00002499_01,pilot,impostor,7,U_00002555_07,V_00002499_01,00002555,00002499
pilot:U_00002555_07:V_00002500_05,pilot,impostor,7,U_00002555_07,V_00002500_05,00002555,00002500
pilot:U_00002555_07:V_00002630_10,pilot,impostor,7,U_00002555_07,V_00002630_10,00002555,00002630
pilot:U_00002555_07:V_00002634_07,pilot,impostor,7,U_00002555_07,V_00002634_07,00002555,00002634
pilot:U_00002558_04:V_00002304_03,pilot,impostor,4,U_00002558_04,V_00002304_03,00002558,00002304
pilot:U_00002558_04:V_00002304_10,pilot,impostor,4,U_00002558_04,V_00002304_10,00002558,00002304
pilot:U_00002558_04:V_00002319_03,pilot,impostor,4,U_00002558_04,V_00002319_03,00002558,00002319
pilot:U_00002558_04:V_00002319_10,pilot,impostor,4,U_00002558_04,V_00002319_10,00002558,00002319
pilot:U_00002558_04:V_00002326_03,pilot,impostor,4,U_00002558_04,V_00002326_03,00002558,00002326
pilot:U_00002558_04:V_00002326_10,pilot,impostor,4,U_00002558_04,V_00002326_10,00002558,00002326
pilot:U_00002558_04:V_00002329_01,pilot,impostor,4,U_00002558_04,V_00002329_01,00002558,00002329
pilot:U_00002558_04:V_00002354_03,pilot,impostor,4,U_00002558_04,V_00002354_03,00002558,00002354
pilot:U_00002558_04:V_00002371_07,pilot,impostor,4,U_00002558_04,V_00002371_07,00002558,00002371
pilot:U_00002558_04:V_00002383_10,pilot,impostor,4,U_00002558_04,V_00002383_10,00002558,00002383
pilot:U_00002558_04:V_00002402_03,pilot,impostor,4,U_00002558_04,V_00002402_03,00002558,00002402
pilot:U_00002558_04:V_00002402_10,pilot,impostor,4,U_00002558_04,V_00002402_10,00002558,00002402
pilot:U_00002558_04:V_00002403_03,pilot,impostor,4,U_00002558_04,V_00002403_03,00002558,00002403
pilot:U_00002558_04:V_00002403_10,pilot,impostor,4,U_00002558_04,V_00002403_10,00002558,00002403
pilot:U_00002558_04:V_00002408_03,pilot,impostor,4,U_00002558_04,V_00002408_03,00002558,00002408
pilot:U_00002558_04:V_00002408_10,pilot,impostor,4,U_00002558_04,V_00002408_10,00002558,00002408
pilot:U_00002558_04:V_00002412_03,pilot,impostor,4,U_00002558_04,V_00002412_03,00002558,00002412
pilot:U_00002558_04:V_00002412_10,pilot,impostor,4,U_00002558_04,V_00002412_10,00002558,00002412
pilot:U_00002558_04:V_00002420_03,pilot,impostor,4,U_00002558_04,V_00002420_03,00002558,00002420
pilot:U_00002558_04:V_00002420_10,pilot,impostor,4,U_00002558_04,V_00002420_10,00002558,00002420
pilot:U_00002558_04:V_00002424_03,pilot,impostor,4,U_00002558_04,V_00002424_03,00002558,00002424
pilot:U_00002558_04:V_00002424_10,pilot,impostor,4,U_00002558_04,V_00002424_10,00002558,00002424
pilot:U_00002558_04:V_00002433_10,pilot,impostor,4,U_00002558_04,V_00002433_10,00002558,00002433
pilot:U_00002558_04:V_00002493_06,pilot,impostor,4,U_00002558_04,V_00002493_06,00002558,00002493
pilot:U_00002558_04:V_00002493_10,pilot,impostor,4,U_00002558_04,V_00002493_10,00002558,00002493
pilot:U_00002558_04:V_00002499_01,pilot,impostor,4,U_00002558_04,V_00002499_01,00002558,00002499
pilot:U_00002558_04:V_00002500_05,pilot,impostor,4,U_00002558_04,V_00002500_05,00002558,00002500
pilot:U_00002558_04:V_00002630_10,pilot,impostor,4,U_00002558_04,V_00002630_10,00002558,00002630
pilot:U_00002558_04:V_00002634_07,pilot,impostor,4,U_00002558_04,V_00002634_07,00002558,00002634
pilot:U_00002577_08:V_00002304_03,pilot,impostor,8,U_00002577_08,V_00002304_03,00002577,00002304
pilot:U_00002577_08:V_00002304_10,pilot,impostor,8,U_00002577_08,V_00002304_10,00002577,00002304
pilot:U_00002577_08:V_00002319_10,pilot,impostor,8,U_00002577_08,V_00002319_10,00002577,00002319
pilot:U_00002577_08:V_00002326_03,pilot,impostor,8,U_00002577_08,V_00002326_03,00002577,00002326
pilot:U_00002577_08:V_00002326_10,pilot,impostor,8,U_00002577_08,V_00002326_10,00002577,00002326
pilot:U_00002577_08:V_00002329_01,pilot,impostor,8,U_00002577_08,V_00002329_01,00002577,00002329
pilot:U_00002577_08:V_00002354_03,pilot,impostor,8,U_00002577_08,V_00002354_03,00002577,00002354
pilot:U_00002577_08:V_00002371_07,pilot,impostor,8,U_00002577_08,V_00002371_07,00002577,00002371
pilot:U_00002577_08:V_00002383_03,pilot,impostor,8,U_00002577_08,V_00002383_03,00002577,00002383
pilot:U_00002577_08:V_00002383_10,pilot,impostor,8,U_00002577_08,V_00002383_10,00002577,00002383
pilot:U_00002577_08:V_00002402_03,pilot,impostor,8,U_00002577_08,V_00002402_03,00002577,00002402
pilot:U_00002577_08:V_00002402_10,pilot,impostor,8,U_00002577_08,V_00002402_10,00002577,00002402
pilot:U_00002577_08:V_00002403_03,pilot,impostor,8,U_00002577_08,V_00002403_03,00002577,00002403
pilot:U_00002577_08:V_00002403_10,pilot,impostor,8,U_00002577_08,V_00002403_10,00002577,00002403
pilot:U_00002577_08:V_00002408_03,pilot,impostor,8,U_00002577_08,V_00002408_03,00002577,00002408
pilot:U_00002577_08:V_00002408_10,pilot,impostor,8,U_00002577_08,V_00002408_10,00002577,00002408
pilot:U_00002577_08:V_00002412_03,pilot,impostor,8,U_00002577_08,V_00002412_03,00002577,00002412
pilot:U_00002577_08:V_00002412_10,pilot,impostor,8,U_00002577_08,V_00002412_10,00002577,00002412
pilot:U_00002577_08:V_00002420_03,pilot,impostor,8,U_00002577_08,V_00002420_03,00002577,00002420
pilot:U_00002577_08:V_00002420_10,pilot,impostor,8,U_00002577_08,V_00002420_10,00002577,00002420
pilot:U_00002577_08:V_00002424_03,pilot,impostor,8,U_00002577_08,V_00002424_03,00002577,00002424
pilot:U_00002577_08:V_00002424_10,pilot,impostor,8,U_00002577_08,V_00002424_10,00002577,00002424
pilot:U_00002577_08:V_00002433_10,pilot,impostor,8,U_00002577_08,V_00002433_10,00002577,00002433
pilot:U_00002577_08:V_00002493_06,pilot,impostor,8,U_00002577_08,V_00002493_06,00002577,00002493
pilot:U_00002577_08:V_00002493_10,pilot,impostor,8,U_00002577_08,V_00002493_10,00002577,00002493
pilot:U_00002577_08:V_00002499_01,pilot,impostor,8,U_00002577_08,V_00002499_01,00002577,00002499
pilot:U_00002577_08:V_00002500_05,pilot,impostor,8,U_00002577_08,V_00002500_05,00002577,00002500
pilot:U_00002577_08:V_00002630_10,pilot,impostor,8,U_00002577_08,V_00002630_10,00002577,00002630
pilot:U_00002577_08:V_00002634_07,pilot,impostor,8,U_00002577_08,V_00002634_07,00002577,00002634
pilot:U_00002596_05:V_00002304_03,pilot,impostor,5,U_00002596_05,V_00002304_03,00002596,00002304
pilot:U_00002596_05:V_00002304_10,pilot,impostor,5,U_00002596_05,V_00002304_10,00002596,00002304
pilot:U_00002596_05:V_00002319_03,pilot,impostor,5,U_00002596_05,V_00002319_03,00002596,00002319
pilot:U_00002596_05:V_00002319_10,pilot,impostor,5,U_00002596_05,V_00002319_10,00002596,00002319
pilot:U_00002596_05:V_00002326_10,pilot,impostor,5,U_00002596_05,V_00002326_10,00002596,00002326
pilot:U_00002596_05:V_00002329_01,pilot,impostor,5,U_00002596_05,V_00002329_01,00002596,00002329
pilot:U_00002596_05:V_00002354_03,pilot,impostor,5,U_00002596_05,V_00002354_03,00002596,00002354
pilot:U_00002596_05:V_00002371_07,pilot,impostor,5,U_00002596_05,V_00002371_07,00002596,00002371
pilot:U_00002596_05:V_00002383_03,pilot,impostor,5,U_00002596_05,V_00002383_03,00002596,00002383
pilot:U_00002596_05:V_00002402_03,pilot,impostor,5,U_00002596_05,V_00002402_03,00002596,00002402
pilot:U_00002596_05:V_00002402_10,pilot,impostor,5,U_00002596_05,V_00002402_10,00002596,00002402
pilot:U_00002596_05:V_00002403_03,pilot,impostor,5,U_00002596_05,V_00002403_03,00002596,00002403
pilot:U_00002596_05:V_00002403_10,pilot,impostor,5,U_00002596_05,V_00002403_10,00002596,00002403
pilot:U_00002596_05:V_00002408_03,pilot,impostor,5,U_00002596_05,V_00002408_03,00002596,00002408
pilot:U_00002596_05:V_00002408_10,pilot,impostor,5,U_00002596_05,V_00002408_10,00002596,00002408
pilot:U_00002596_05:V_00002412_03,pilot,impostor,5,U_00002596_05,V_00002412_03,00002596,00002412
pilot:U_00002596_05:V_00002412_10,pilot,impostor,5,U_00002596_05,V_00002412_10,00002596,00002412
pilot:U_00002596_05:V_00002420_03,pilot,impostor,5,U_00002596_05,V_00002420_03,00002596,00002420
pilot:U_00002596_05:V_00002420_10,pilot,impostor,5,U_00002596_05,V_00002420_10,00002596,00002420
pilot:U_00002596_05:V_00002424_03,pilot,impostor,5,U_00002596_05,V_00002424_03,00002596,00002424
pilot:U_00002596_05:V_00002433_10,pilot,impostor,5,U_00002596_05,V_00002433_10,00002596,00002433
pilot:U_00002596_05:V_00002493_06,pilot,impostor,5,U_00002596_05,V_00002493_06,00002596,00002493
pilot:U_00002596_05:V_00002493_10,pilot,impostor,5,U_00002596_05,V_00002493_10,00002596,00002493
pilot:U_00002596_05:V_00002499_01,pilot,impostor,5,U_00002596_05,V_00002499_01,00002596,00002499
pilot:U_00002596_05:V_00002500_05,pilot,impostor,5,U_00002596_05,V_00002500_05,00002596,00002500
pilot:U_00002596_05:V_00002630_10,pilot,impostor,5,U_00002596_05,V_00002630_10,00002596,00002630
pilot:U_00002596_05:V_00002634_07,pilot,impostor,5,U_00002596_05,V_00002634_07,00002596,00002634
pilot:U_00002606_03:V_00002304_03,pilot,impostor,3,U_00002606_03,V_00002304_03,00002606,00002304
pilot:U_00002606_03:V_00002304_10,pilot,impostor,3,U_00002606_03,V_00002304_10,00002606,00002304
pilot:U_00002606_03:V_00002319_03,pilot,impostor,3,U_00002606_03,V_00002319_03,00002606,00002319
pilot:U_00002606_03:V_00002319_10,pilot,impostor,3,U_00002606_03,V_00002319_10,00002606,00002319
pilot:U_00002606_03:V_00002326_03,pilot,impostor,3,U_00002606_03,V_00002326_03,00002606,00002326
pilot:U_00002606_03:V_00002326_10,pilot,impostor,3,U_00002606_03,V_00002326_10,00002606,00002326
pilot:U_00002606_03:V_00002329_01,pilot,impostor,3,U_00002606_03,V_00002329_01,00002606,00002329
pilot:U_00002606_03:V_00002354_03,pilot,impostor,3,U_00002606_03,V_00002354_03,00002606,00002354
pilot:U_00002606_03:V_00002371_07,pilot,impostor,3,U_00002606_03,V_00002371_07,00002606,00002371
pilot:U_00002606_03:V_00002383_03,pilot,impostor,3,U_00002606_03,V_00002383_03,00002606,00002383
pilot:U_00002606_03:V_00002383_10,pilot,impostor,3,U_00002606_03,V_00002383_10,00002606,00002383
pilot:U_00002606_03:V_00002402_03,pilot,impostor,3,U_00002606_03,V_00002402_03,00002606,00002402
pilot:U_00002606_03:V_00002402_10,pilot,impostor,3,U_00002606_03,V_00002402_10,00002606,00002402
pilot:U_00002606_03:V_00002403_03,pilot,impostor,3,U_00002606_03,V_00002403_03,00002606,00002403
pilot:U_00002606_03:V_00002403_10,pilot,impostor,3,U_00002606_03,V_00002403_10,00002606,00002403
pilot:U_00002606_03:V_00002408_03,pilot,impostor,3,U_00002606_03,V_00002408_03,00002606,00002408
pilot:U_00002606_03:V_00002408_10,pilot,impostor,3,U_00002606_03,V_00002408_10,00002606,00002408
pilot:U_00002606_03:V_00002412_03,pilot,impostor,3,U_00002606_03,V_00002412_03,00002606,00002412
pilot:U_00002606_03:V_00002412_10,pilot,impostor,3,U_00002606_03,V_00002412_10,00002606,00002412
pilot:U_00002606_03:V_00002420_03,pilot,impostor,3,U_00002606_03,V_00002420_03,00002606,00002420
pilot:U_00002606_03:V_00002420_10,pilot,impostor,3,U_00002606_03,V_00002420_10,00002606,00002420
pilot:U_00002606_03:V_00002424_03,pilot,impostor,3,U_00002606_03,V_00002424_03,00002606,00002424
pilot:U_00002606_03:V_00002424_10,pilot,impostor,3,U_00002606_03,V_00002424_10,00002606,00002424
pilot:U_00002606_03:V_00002433_10,pilot,impostor,3,U_00002606_03,V_00002433_10,00002606,00002433
pilot:U_00002606_03:V_00002493_06,pilot,impostor,3,U_00002606_03,V_00002493_06,00002606,00002493
pilot:U_00002606_03:V_00002493_10,pilot,impostor,3,U_00002606_03,V_00002493_10,00002606,00002493
pilot:U_00002606_03:V_00002500_05,pilot,impostor,3,U_00002606_03,V_00002500_05,00002606,00002500
pilot:U_00002606_03:V_00002630_10,pilot,impostor,3,U_00002606_03,V_00002630_10,00002606,00002630
pilot:U_00002606_03:V_00002634_07,pilot,impostor,3,U_00002606_03,V_00002634_07,00002606,00002634
pilot:U_00002615_08:V_00002304_03,pilot,impostor,8,U_00002615_08,V_00002304_03,00002615,00002304
pilot:U_00002615_08:V_00002304_10,pilot,impostor,8,U_00002615_08,V_00002304_10,00002615,00002304
pilot:U_00002615_08:V_00002319_03,pilot,impostor,8,U_00002615_08,V_00002319_03,00002615,00002319
pilot:U_00002615_08:V_00002319_10,pilot,impostor,8,U_00002615_08,V_00002319_10,00002615,00002319
pilot:U_00002615_08:V_00002326_03,pilot,impostor,8,U_00002615_08,V_00002326_03,00002615,00002326
pilot:U_00002615_08:V_00002326_10,pilot,impostor,8,U_00002615_08,V_00002326_10,00002615,00002326
pilot:U_00002615_08:V_00002329_01,pilot,impostor,8,U_00002615_08,V_00002329_01,00002615,00002329
pilot:U_00002615_08:V_00002354_03,pilot,impostor,8,U_00002615_08,V_00002354_03,00002615,00002354
pilot:U_00002615_08:V_00002371_07,pilot,impostor,8,U_00002615_08,V_00002371_07,00002615,00002371
pilot:U_00002615_08:V_00002383_03,pilot,impostor,8,U_00002615_08,V_00002383_03,00002615,00002383
pilot:U_00002615_08:V_00002383_10,pilot,impostor,8,U_00002615_08,V_00002383_10,00002615,00002383
pilot:U_00002615_08:V_00002402_03,pilot,impostor,8,U_00002615_08,V_00002402_03,00002615,00002402
pilot:U_00002615_08:V_00002402_10,pilot,impostor,8,U_00002615_08,V_00002402_10,00002615,00002402
pilot:U_00002615_08:V_00002403_03,pilot,impostor,8,U_00002615_08,V_00002403_03,00002615,00002403
pilot:U_00002615_08:V_00002403_10,pilot,impostor,8,U_00002615_08,V_00002403_10,00002615,00002403
pilot:U_00002615_08:V_00002408_03,pilot,impostor,8,U_00002615_08,V_00002408_03,00002615,00002408
pilot:U_00002615_08:V_00002408_10,pilot,impostor,8,U_00002615_08,V_00002408_10,00002615,00002408
pilot:U_00002615_08:V_00002412_03,pilot,impostor,8,U_00002615_08,V_00002412_03,00002615,00002412
pilot:U_00002615_08:V_00002412_10,pilot,impostor,8,U_00002615_08,V_00002412_10,00002615,00002412
pilot:U_00002615_08:V_00002420_03,pilot,impostor,8,U_00002615_08,V_00002420_03,00002615,00002420
pilot:U_00002615_08:V_00002420_10,pilot,impostor,8,U_00002615_08,V_00002420_10,00002615,00002420
pilot:U_00002615_08:V_00002424_03,pilot,impostor,8,U_00002615_08,V_00002424_03,00002615,00002424
pilot:U_00002615_08:V_00002433_10,pilot,impostor,8,U_00002615_08,V_00002433_10,00002615,00002433
pilot:U_00002615_08:V_00002493_06,pilot,impostor,8,U_00002615_08,V_00002493_06,00002615,00002493
pilot:U_00002615_08:V_00002493_10,pilot,impostor,8,U_00002615_08,V_00002493_10,00002615,00002493
pilot:U_00002615_08:V_00002499_01,pilot,impostor,8,U_00002615_08,V_00002499_01,00002615,00002499
pilot:U_00002615_08:V_00002500_05,pilot,impostor,8,U_00002615_08,V_00002500_05,00002615,00002500
pilot:U_00002615_08:V_00002630_10,pilot,impostor,8,U_00002615_08,V_00002630_10,00002615,00002630
pilot:U_00002615_08:V_00002634_07,pilot,impostor,8,U_00002615_08,V_00002634_07,00002615,00002634
pilot:U_00002626_02:V_00002304_03,pilot,impostor,2,U_00002626_02,V_00002304_03,00002626,00002304
pilot:U_00002626_02:V_00002304_10,pilot,impostor,2,U_00002626_02,V_00002304_10,00002626,00002304
pilot:U_00002626_02:V_00002319_03,pilot,impostor,2,U_00002626_02,V_00002319_03,00002626,00002319
pilot:U_00002626_02:V_00002319_10,pilot,impostor,2,U_00002626_02,V_00002319_10,00002626,00002319
pilot:U_00002626_02:V_00002326_03,pilot,impostor,2,U_00002626_02,V_00002326_03,00002626,00002326
pilot:U_00002626_02:V_00002326_10,pilot,impostor,2,U_00002626_02,V_00002326_10,00002626,00002326
pilot:U_00002626_02:V_00002329_01,pilot,impostor,2,U_00002626_02,V_00002329_01,00002626,00002329
pilot:U_00002626_02:V_00002354_03,pilot,impostor,2,U_00002626_02,V_00002354_03,00002626,00002354
pilot:U_00002626_02:V_00002371_07,pilot,impostor,2,U_00002626_02,V_00002371_07,00002626,00002371
pilot:U_00002626_02:V_00002383_03,pilot,impostor,2,U_00002626_02,V_00002383_03,00002626,00002383
pilot:U_00002626_02:V_00002402_03,pilot,impostor,2,U_00002626_02,V_00002402_03,00002626,00002402
pilot:U_00002626_02:V_00002402_10,pilot,impostor,2,U_00002626_02,V_00002402_10,00002626,00002402
pilot:U_00002626_02:V_00002403_03,pilot,impostor,2,U_00002626_02,V_00002403_03,00002626,00002403
pilot:U_00002626_02:V_00002403_10,pilot,impostor,2,U_00002626_02,V_00002403_10,00002626,00002403
pilot:U_00002626_02:V_00002408_03,pilot,impostor,2,U_00002626_02,V_00002408_03,00002626,00002408
pilot:U_00002626_02:V_00002408_10,pilot,impostor,2,U_00002626_02,V_00002408_10,00002626,00002408
pilot:U_00002626_02:V_00002412_03,pilot,impostor,2,U_00002626_02,V_00002412_03,00002626,00002412
pilot:U_00002626_02:V_00002412_10,pilot,impostor,2,U_00002626_02,V_00002412_10,00002626,00002412
pilot:U_00002626_02:V_00002420_03,pilot,impostor,2,U_00002626_02,V_00002420_03,00002626,00002420
pilot:U_00002626_02:V_00002420_10,pilot,impostor,2,U_00002626_02,V_00002420_10,00002626,00002420
pilot:U_00002626_02:V_00002424_03,pilot,impostor,2,U_00002626_02,V_00002424_03,00002626,00002424
pilot:U_00002626_02:V_00002424_10,pilot,impostor,2,U_00002626_02,V_00002424_10,00002626,00002424
pilot:U_00002626_02:V_00002493_10,pilot,impostor,2,U_00002626_02,V_00002493_10,00002626,00002493
pilot:U_00002626_02:V_00002499_01,pilot,impostor,2,U_00002626_02,V_00002499_01,00002626,00002499
pilot:U_00002626_02:V_00002500_05,pilot,impostor,2,U_00002626_02,V_00002500_05,00002626,00002500
pilot:U_00002626_02:V_00002630_10,pilot,impostor,2,U_00002626_02,V_00002630_10,00002626,00002630
pilot:U_00002626_02:V_00002634_07,pilot,impostor,2,U_00002626_02,V_00002634_07,00002626,00002634
pilot:U_00002626_05:V_00002304_03,pilot,impostor,5,U_00002626_05,V_00002304_03,00002626,00002304
pilot:U_00002626_05:V_00002304_10,pilot,impostor,5,U_00002626_05,V_00002304_10,00002626,00002304
pilot:U_00002626_05:V_00002319_03,pilot,impostor,5,U_00002626_05,V_00002319_03,00002626,00002319
pilot:U_00002626_05:V_00002319_10,pilot,impostor,5,U_00002626_05,V_00002319_10,00002626,00002319
pilot:U_00002626_05:V_00002326_03,pilot,impostor,5,U_00002626_05,V_00002326_03,00002626,00002326
pilot:U_00002626_05:V_00002326_10,pilot,impostor,5,U_00002626_05,V_00002326_10,00002626,00002326
pilot:U_00002626_05:V_00002329_01,pilot,impostor,5,U_00002626_05,V_00002329_01,00002626,00002329
pilot:U_00002626_05:V_00002354_03,pilot,impostor,5,U_00002626_05,V_00002354_03,00002626,00002354
pilot:U_00002626_05:V_00002371_07,pilot,impostor,5,U_00002626_05,V_00002371_07,00002626,00002371
pilot:U_00002626_05:V_00002383_03,pilot,impostor,5,U_00002626_05,V_00002383_03,00002626,00002383
pilot:U_00002626_05:V_00002383_10,pilot,impostor,5,U_00002626_05,V_00002383_10,00002626,00002383
pilot:U_00002626_05:V_00002402_03,pilot,impostor,5,U_00002626_05,V_00002402_03,00002626,00002402
pilot:U_00002626_05:V_00002402_10,pilot,impostor,5,U_00002626_05,V_00002402_10,00002626,00002402
pilot:U_00002626_05:V_00002403_03,pilot,impostor,5,U_00002626_05,V_00002403_03,00002626,00002403
pilot:U_00002626_05:V_00002403_10,pilot,impostor,5,U_00002626_05,V_00002403_10,00002626,00002403
pilot:U_00002626_05:V_00002408_03,pilot,impostor,5,U_00002626_05,V_00002408_03,00002626,00002408
pilot:U_00002626_05:V_00002408_10,pilot,impostor,5,U_00002626_05,V_00002408_10,00002626,00002408
pilot:U_00002626_05:V_00002412_03,pilot,impostor,5,U_00002626_05,V_00002412_03,00002626,00002412
pilot:U_00002626_05:V_00002412_10,pilot,impostor,5,U_00002626_05,V_00002412_10,00002626,00002412
pilot:U_00002626_05:V_00002420_03,pilot,impostor,5,U_00002626_05,V_00002420_03,00002626,00002420
pilot:U_00002626_05:V_00002420_10,pilot,impostor,5,U_00002626_05,V_00002420_10,00002626,00002420
pilot:U_00002626_05:V_00002424_03,pilot,impostor,5,U_00002626_05,V_00002424_03,00002626,00002424
pilot:U_00002626_05:V_00002433_10,pilot,impostor,5,U_00002626_05,V_00002433_10,00002626,00002433
pilot:U_00002626_05:V_00002493_06,pilot,impostor,5,U_00002626_05,V_00002493_06,00002626,00002493
pilot:U_00002626_05:V_00002493_10,pilot,impostor,5,U_00002626_05,V_00002493_10,00002626,00002493
pilot:U_00002626_05:V_00002499_01,pilot,impostor,5,U_00002626_05,V_00002499_01,00002626,00002499
pilot:U_00002626_05:V_00002500_05,pilot,impostor,5,U_00002626_05,V_00002500_05,00002626,00002500
pilot:U_00002626_05:V_00002630_10,pilot,impostor,5,U_00002626_05,V_00002630_10,00002626,00002630
pilot:U_00002626_05:V_00002634_07,pilot,impostor,5,U_00002626_05,V_00002634_07,00002626,00002634
